Demand Zone,Expenditure,OAC,C_Easting,C_Northing
E00056750,7867.6,8,420575,441347
E00056751,7766.5,6,419500,441136
E00056752,12505,5,420082,441252
E00056753,11639.05,7,420955,441141
E00056754,6943,5,421155,441021
E00056755,8400,5,420557,440878
E00056756,6913.6,8,420767,440800
E00056757,9293,6,420891,440447
E00056758,8788.15,6,419974,440446
E00056759,6974.6,6,419717,440395
E00056760,6165,5,421241,440521
E00056761,7342,5,420685,439868
E00056762,11132,5,418202,442862
E00056763,9373.7,6,419788,442797
E00056764,10092.35,6,418088,442127
E00056765,8928,5,418227,442250
E00056766,12588.65,7,419168,441872
E00056767,8269.35,6,420579,442093
E00056768,6727.8,8,419679,442038
E00056769,5671,7,420268,442123
E00056770,6753.6,8,421007,441951
E00056771,7311.6,8,420467,441807
E00056772,10346.15,6,418738,442951
E00056773,8368.95,6,418471,443088
E00056774,7438.1,1,414933,442876
E00056775,6567,5,418415,442458
E00056776,8513,5,419144,442297
E00056777,6702.8,8,419450,442575
E00056778,3334.9,1,419586,443460
E00056779,9428.7,6,418983,442705
E00056780,5857.2,1,416442,441841
E00056781,6899.4,8,419295,442429
E00056782,7532,5,419706,442250
E00056783,6216,5,419109,442081
E00056784,6383,5,419292,442202
E00056786,11115,5,418739,442320
E00056787,4824,8,421177,441828
E00056788,5233.45,7,420247,441850
E00056789,8001.2,7,419486,441869
E00056790,9879,5,420677,441718
E00056792,6847.2,8,419985,441838
E00056793,8340.3,6,418356,441803
E00056794,7743.8,6,417811,441775
E00056795,6727.9,7,420378,441692
E00056796,5654.85,7,419984,441620
E00056797,5901,5,418863,441792
E00056798,8719.2,6,418716,441650
E00056799,6259.8,8,419711,441773
E00056800,6515,5,419351,441551
E00056801,5929,5,419030,441576
E00056802,8640.3,6,417242,441284
E00056803,6184,8,421152,441591
E00056804,7806.1,6,418467,441530
E00056805,7550.2,8,420361,441357
E00056806,6339,8,421096,441470
E00056807,7244.2,6,419265,441423
E00056808,6629.05,6,419106,441200
E00056809,7546.8,8,420497,441415
E00056810,5778.8,8,418714,441392
E00056811,8708.55,6,417905,441258
E00056812,8571,5,421466,441589
E00056813,8061.1,6,418113,441526
E00056814,6187.6,8,421010,441349
E00056815,8016,5,419648,441372
E00056816,7163.4,7,420801,441316
E00056817,9668.7,6,418532,441144
E00056818,5189,5,420225,441228
E00056819,7004.95,7,420675,441059
E00056820,6404,5,419898,441035
E00056821,7875.4,6,420223,440882
E00056822,10270.2,6,419616,440889
E00056823,7513,5,421016,440762
E00056825,5927,5,421014,440916
E00056827,5169.8,8,419822,440769
E00056828,6438.1,6,420394,440674
E00056829,5753.8,8,419763,440604
E00056830,6776.4,8,420870,440613
E00056831,7494.2,6,419454,440716
E00056832,8809,5,420455,440348
E00056833,6416.75,6,419823,440405
E00056834,9032,5,420221,440190
E00056835,9281.4,6,420834,440206
E00056836,7908,5,420978,440092
E00056837,5322,5,420466,439962
E00056838,6194,5,420542,439641
E00056839,9265.9,4,425778,434531
E00056840,7288.4,7,425597,434374
E00056841,8052,5,424793,434285
E00056842,8491.25,6,425376,434120
E00056843,10851,5,425672,433869
E00056845,6241.2,8,425304,433852
E00056846,10317.85,4,426541,433639
E00056847,11189.45,4,426697,433322
E00056848,7357.6,4,427644,433178
E00056849,8183.6,4,427809,433033
E00056850,6392.6,8,425262,435195
E00056851,9377.15,4,425808,435161
E00056852,11654.35,4,425847,434970
E00056853,6745.8,8,425300,435090
E00056854,5924.6,8,425184,434894
E00056855,5467.3,7,426358,434744
E00056856,5800,5,424984,434730
E00056858,5839.4,8,425400,434829
E00056859,4930,7,425680,434509
E00056861,6463,5,424995,434520
E00056862,13222,5,425045,434153
E00056863,9473,5,424136,434319
E00056864,7111,5,426003,434401
E00056865,7106.6,8,424446,434338
E00056866,8465.3,6,424253,434139
E00056867,6034,5,424614,434240
E00056868,7084,5,425842,434175
E00056869,6999,5,425370,434315
E00056871,4986.15,7,424322,434024
E00056873,6269.2,8,424598,434107
E00056874,13271,4,427267,433978
E00056875,7055.35,4,426428,433909
E00056876,14346.35,4,427428,433878
E00056877,6501,5,425926,433898
E00056878,6408,5,426320,433821
E00056879,6504,5,426593,433838
E00056880,7031,4,426200,433695
E00056881,5438.45,7,425496,433838
E00056882,11617.5,2,427088,433679
E00056883,8773.75,7,426904,433590
E00056884,8309.1,4,426123,433617
E00056885,6513.4,4,427501,433569
E00056886,5107.05,7,427391,433641
E00056887,8076,5,425788,433532
E00056888,5928.95,7,425483,433669
E00056889,8486.2,4,426480,433611
E00056890,6454,5,426099,433447
E00056891,6227.1,4,427474,433170
E00056892,6699.05,4,427744,433595
E00056893,8813.95,4,426359,433462
E00056894,11222.35,4,427216,433484
E00056895,6027.8,7,426514,433364
E00056897,6241.45,4,427694,433374
E00056898,7391.65,4,427552,433386
E00056899,8462.65,4,427438,433392
E00056900,6879.1,3,427264,433221
E00056901,8650.6,7,426909,433422
E00056902,8087.95,4,426940,433192
E00056903,12480.45,4,427125,433264
E00056904,5361,5,425830,435361
E00056905,6859,5,425550,435251
E00056906,7410.7,7,424845,434998
E00056907,6123.3,7,425180,435024
E00056908,4962.05,7,425482,435019
E00056909,9383.65,4,425769,434768
E00056910,5219.35,7,424969,434931
E00056911,5429.35,7,424872,434774
E00056912,6965.2,8,425087,434768
E00056913,9267.75,6,442275,429493
E00056914,7046.6,8,441163,430066
E00056915,8328.95,6,440999,429755
E00056916,4955.9,7,441916,429981
E00056917,8701.25,6,441316,431212
E00056918,9331.4,6,441565,431013
E00056919,8428,6,441986,430858
E00056920,9760.6,6,440746,430866
E00056921,8967.75,6,442232,430713
E00056922,8572.6,6,441331,430622
E00056923,9113.55,6,442027,430587
E00056924,6915.8,8,441190,431063
E00056925,6532.8,8,441036,430944
E00056926,6644.8,8,440813,431083
E00056927,10981.3,6,441358,430856
E00056928,10090.3,6,441735,430780
E00056929,9342.75,6,440684,430676
E00056930,6887.8,8,442102,430265
E00056931,8240.3,6,440825,430399
E00056932,8226.65,6,441732,430564
E00056933,6655,5,441446,430440
E00056934,7016,5,441666,430298
E00056935,5343,5,441872,430319
E00056936,8164.35,6,441219,430310
E00056937,4063.1,7,441387,430225
E00056938,7003.6,8,441994,430182
E00056939,9806.95,6,440743,430053
E00056940,6560,5,441406,430086
E00056941,8311.6,8,441714,429996
E00056942,9206.4,6,441393,429587
E00056943,9220.45,6,440860,431516
E00056944,9147.45,1,441753,431369
E00056945,5993.2,8,441036,431144
E00056946,11187.15,1,442633,438958
E00056947,9385.45,6,443332,438216
E00056948,8930.85,6,443269,437479
E00056949,5360,5,442758,437166
E00056950,8881.25,6,440004,435303
E00056951,9045.85,6,440233,436921
E00056952,8847.2,6,440536,436612
E00056953,8801.25,6,439951,436848
E00056954,9634.35,1,440584,439453
E00056955,8784.9,6,440281,437773
E00056956,9471.25,1,439582,437325
E00056957,8680.3,6,440221,437138
E00056958,7986.2,8,439871,437220
E00056959,5969.1,1,445239,429446
E00056960,14353.75,1,443562,429431
E00056961,11345.75,1,442833,436081
E00056962,7902,8,444558,433984
E00056963,10363,5,443716,432800
E00056964,6995.2,8,444604,432720
E00056965,9578.7,6,443681,433497
E00056966,7864,8,444023,433137
E00056967,4542.4,8,444527,433031
E00056968,10191.55,6,435344,441012
E00056969,9621.9,1,436200,440832
E00056970,8644.9,6,436537,441643
E00056971,6864.05,6,437708,441638
E00056972,4007.65,6,441787,433873
E00056973,6964.55,6,442399,433689
E00056974,7882,5,437926,440069
E00056975,11493.2,1,438998,440393
E00056976,12398.75,6,438070,440877
E00056977,6543.6,1,436531,439541
E00056978,7842,5,437617,440135
E00056979,7112.4,8,441767,427586
E00056981,8035.8,8,440872,429247
E00056982,7322.4,8,440656,428965
E00056983,8793.55,6,440874,428810
E00056984,7641.8,8,440547,428807
E00056985,8287.05,6,442065,428318
E00056986,6554.2,8,440922,428610
E00056987,8822.2,6,440707,428366
E00056988,7416.6,8,441070,428214
E00056989,6898.6,8,441458,428701
E00056990,6620.4,8,441536,427969
E00056991,7977.8,8,442465,427905
E00056992,7964.25,4,427276,430495
E00056993,8195.7,4,429068,430389
E00056994,7846.65,4,428938,430270
E00056995,7400.2,4,428500,429811
E00056997,8604.4,4,430300,430967
E00056998,11216.5,3,429755,431009
E00056999,7066.65,4,429167,430826
E00057000,5995.2,8,427431,430580
E00057001,8634.75,4,429073,430602
E00057002,6811.95,4,429048,429847
E00057003,7760.05,4,428792,429922
E00057004,8085,5,428269,429829
E00057005,7226.65,7,428380,430080
E00057006,8043.4,6,429387,429593
E00057007,9859.5,6,429131,429565
E00057008,5197.8,8,429403,429841
E00057009,8977.65,4,428506,429542
E00057010,23557.7,6,430020,430263
E00057011,9909,5,428890,429422
E00057012,8480.55,4,428671,429338
E00057013,4927.7,4,430139,431099
E00057014,9088.45,4,429914,431001
E00057015,8454.9,4,429860,430869
E00057016,8167,4,428988,430970
E00057017,7483.75,4,429449,430671
E00057018,5918,5,428948,430894
E00057019,8711.85,4,429229,431077
E00057020,8738.1,3,429769,430928
E00057021,6517,5,428982,430790
E00057022,7778.75,4,428824,430780
E00057023,8645.55,4,429771,430782
E00057024,7628.65,7,428432,430651
E00057025,6407,8,428919,430706
E00057026,7590,5,428714,430433
E00057027,9325.25,4,429711,430774
E00057028,7368.75,4,429281,430671
E00057029,11529.55,3,429777,430394
E00057030,14523.95,3,427448,430919
E00057031,7156,4,429365,430128
E00057032,8821.85,4,428583,430175
E00057033,9140.45,3,427519,430373
E00057034,19743.55,4,428212,430377
E00057035,7612.95,4,429241,430539
E00057036,8366.35,4,429459,430276
E00057037,7967.15,4,428635,429886
E00057038,8249.9,4,427853,430321
E00057039,6446.5,7,427626,430257
E00057040,8104.75,6,429241,430349
E00057041,7901.15,4,428885,430065
E00057042,6799.7,4,427396,430225
E00057043,6630.35,7,427878,430117
E00057044,8319.8,8,429410,429984
E00057045,7445.2,4,427584,430028
E00057046,6236.2,8,429086,430243
E00057047,6604.05,4,429097,430044
E00057048,9449.6,8,423502,434547
E00057049,7391.6,8,423851,434775
E00057050,6695.6,7,424807,434599
E00057051,11825,5,422918,434626
E00057052,7768.4,8,423284,434769
E00057053,4713.85,7,423830,434650
E00057054,6176,5,424185,436516
E00057055,6838.6,8,424863,435932
E00057056,6613.4,8,424949,435792
E00057057,7575.15,6,424048,435725
E00057058,6354.8,8,424566,435629
E00057059,5614,8,424917,435498
E00057060,5545,5,423862,435478
E00057062,6870.8,8,422629,435346
E00057063,7708.8,6,423597,435281
E00057064,5465,8,425130,435326
E00057065,5783,5,424281,435042
E00057066,9307.2,7,424604,434625
E00057067,12659,5,422470,434677
E00057068,7354.85,7,424456,434691
E00057069,6562,5,424129,434651
E00057070,5807.8,8,423864,434477
E00057071,6168.2,8,424686,434529
E00057072,4737,5,424546,436232
E00057073,8812.2,6,423951,436016
E00057074,5700.75,7,424450,435911
E00057075,7237,5,423011,436249
E00057076,4733.85,7,425189,435905
E00057077,6437,8,424155,435983
E00057078,6039,5,424693,435765
E00057079,6396.2,8,423536,435626
E00057080,5369.6,7,424330,435858
E00057081,6259.85,4,425082,435692
E00057082,5552.2,8,423381,435634
E00057083,6374,8,424570,435829
E00057084,6799,5,423094,435758
E00057085,7383.1,4,425392,435765
E00057086,5340,8,424184,435779
E00057087,7363,5,423578,435943
E00057088,5743.95,7,425273,435595
E00057089,5903.05,7,422668,435677
E00057090,5926.25,7,423003,435571
E00057091,8596.4,8,422515,435385
E00057092,7268.1,4,425405,435449
E00057093,6450.6,7,424687,435497
E00057094,7558.8,6,424391,435567
E00057095,5853,8,424224,435500
E00057096,5867.8,7,423118,435422
E00057097,5104.35,7,423310,435321
E00057098,6032.4,8,424351,435406
E00057099,6814,5,425012,435434
E00057100,5931,8,423896,435242
E00057101,7707.45,6,423684,435442
E00057102,6500.8,8,424526,435302
E00057103,5632.95,6,423404,435520
E00057104,6967,7,422816,434977
E00057105,5159,5,424230,435154
E00057106,5756.9,7,424929,435282
E00057107,6489.8,8,422793,435367
E00057108,5835.2,8,423505,435158
E00057109,5833,8,423779,434994
E00057110,8973.9,7,424441,435057
E00057111,7850.8,8,423105,435169
E00057112,7807.8,7,424698,435101
E00057113,5988,5,424122,435339
E00057114,6775,8,424108,434922
E00057115,5803,8,423399,434894
E00057116,7483,8,422524,434991
E00057117,7033.2,8,423319,435053
E00057118,6350.6,8,424268,434858
E00057119,6408.2,8,423021,434878
E00057120,5722.8,7,424670,434823
E00057121,5783.8,8,424061,434679
E00057122,7108.15,7,424300,434599
E00057123,6279,5,423164,434784
E00057124,8845.15,3,431750,433710
E00057125,7323.1,4,433345,435221
E00057126,7598.75,4,433515,435023
E00057127,7769.4,4,433073,434897
E00057128,8166.1,6,435044,434848
E00057129,7325.8,8,435333,434664
E00057130,8417,4,433292,434674
E00057131,7807.95,4,433606,434680
E00057132,6548.4,8,435715,434596
E00057133,8199.25,4,432766,434405
E00057134,9902.95,4,432249,434027
E00057135,8062.15,4,433671,434150
E00057136,6934,5,434278,433986
E00057137,7136,4,432638,434021
E00057138,9051.35,3,431439,433863
E00057139,6937,5,434429,433853
E00057140,8526.65,3,431643,433819
E00057141,7515.8,3,431388,433694
E00057142,4421.4,8,435569,434624
E00057144,5312.8,8,435484,434351
E00057145,10101.4,4,432660,434686
E00057146,6429.45,7,433826,434609
E00057147,6319.2,7,435846,434721
E00057148,7942.15,4,432533,434580
E00057149,7652.95,4,432346,434608
E00057150,6827.6,4,432294,434671
E00057151,8875.4,4,432885,434505
E00057152,4644.15,4,433388,434419
E00057153,8886.2,7,436041,434640
E00057154,9237.3,4,432373,434409
E00057155,8221.35,4,432401,434541
E00057156,10441.5,7,432022,434316
E00057157,8196.35,4,432458,434463
E00057158,7883.6,4,432991,434342
E00057159,5840.2,8,433699,434450
E00057160,6569.2,8,435953,434468
E00057161,8111.5,4,432638,434379
E00057162,7128.25,4,433451,434251
E00057163,7630.85,4,432662,434253
E00057164,6842.9,7,431794,434186
E00057165,6560.85,3,432808,434269
E00057166,7376,8,434822,434334
E00057167,6605.6,7,433802,434265
E00057169,10950.05,3,431933,433831
E00057170,10065.25,7,434107,434651
E00057171,11767.85,4,432997,434187
E00057172,9245.25,4,433125,434325
E00057173,7918.9,7,431750,433976
E00057175,11989.7,3,431863,434014
E00057176,7893.55,3,432723,434005
E00057177,10905.05,3,431931,433662
E00057178,9086.05,4,432134,433709
E00057179,13460.2,4,433879,435375
E00057180,5399.5,4,433533,435223
E00057181,7044.95,7,433821,434911
E00057182,6788.8,7,433097,435108
E00057183,5489.6,7,434198,435177
E00057184,5432,6,434782,434981
E00057185,5064.1,7,433534,434855
E00057186,6296.5,7,432820,434925
E00057187,13349,5,434919,434626
E00057188,7633.75,4,432479,434808
E00057189,9847.35,4,432495,434767
E00057190,7206.4,3,429434,436984
E00057191,6170,5,429668,436970
E00057192,7104,5,430975,437029
E00057193,7428.1,6,431228,436781
E00057194,6671.15,4,429580,436853
E00057195,7591,5,430180,436718
E00057196,5810,4,429738,436806
E00057197,7908.4,6,431012,436888
E00057198,9588,4,430915,436668
E00057199,8247.8,4,430211,436366
E00057200,9755.1,4,430195,435938
E00057202,9092.5,4,430601,435765
E00057204,14890.55,3,431225,435274
E00057205,8322,5,430294,437575
E00057206,7485.2,4,429350,437097
E00057207,9446,2,431109,436261
E00057208,10673.35,4,430858,436321
E00057209,7005.35,4,430696,436280
E00057210,10854.65,4,431573,436315
E00057211,9034.55,3,431329,435934
E00057212,9789.1,4,430674,436147
E00057213,10212.7,4,431687,436123
E00057214,6721.15,4,431837,436114
E00057215,7203.1,4,431636,435928
E00057216,8867.5,4,430382,436099
E00057217,8818.95,4,430534,435914
E00057218,10192.65,4,430282,435550
E00057220,12646.6,4,430779,435729
E00057221,10759.95,4,431101,435951
E00057222,13601.7,3,431073,435574
E00057223,10973.6,3,430920,435354
E00057225,10120.75,4,430674,435366
E00057226,12106.7,4,430850,435154
E00057227,9509.25,2,430558,437567
E00057228,9285,5,430984,437288
E00057229,6767,5,430798,437349
E00057230,7673,5,430685,437418
E00057231,9411,5,430250,437279
E00057232,14461.5,2,430478,437188
E00057233,6872,5,430712,437130
E00057234,7292,2,430604,436882
E00057235,7260,5,431190,437072
E00057236,9627.95,4,430063,437041
E00057238,9528,5,430357,436953
E00057239,7484.55,4,430072,436852
E00057240,7840.25,3,430721,436696
E00057241,8076.95,3,429386,436725
E00057242,5942.1,4,429833,436734
E00057244,11750,5,431244,436579
E00057245,9341.2,4,429544,436521
E00057246,6517.4,7,430265,436666
E00057247,6947,5,430486,436742
E00057248,7938.6,4,430394,436322
E00057249,6778.9,4,431476,436636
E00057250,6958.25,4,429740,436214
E00057251,9159.1,6,431467,436420
E00057252,8664.75,4,430611,436570
E00057253,8698.95,4,430459,436509
E00057254,14634.95,4,428614,432153
E00057255,10304.15,4,428867,431875
E00057256,6357.75,4,429058,431899
E00057257,6609.2,4,429703,431415
E00057258,7046,4,430402,431312
E00057259,4344.15,4,429706,431291
E00057261,10134.05,4,430317,431303
E00057262,8361.6,8,428577,431052
E00057264,9062.5,4,429473,431186
E00057265,8731.2,7,428281,430806
E00057266,7787.3,4,429593,430841
E00057267,8833.95,4,428712,431266
E00057268,14426.6,8,427841,431285
E00057269,4357.05,4,429592,431640
E00057270,7682.95,4,429796,431620
E00057271,5640.15,4,429291,431576
E00057272,7433.75,4,429252,431756
E00057273,7800.05,4,429368,431943
E00057274,8974.7,7,428939,431537
E00057275,5955.95,4,429438,431489
E00057276,8457.65,4,430485,431343
E00057277,6610.65,4,430149,431471
E00057278,6806.3,4,430264,431424
E00057280,4722.7,3,429258,431511
E00057281,8665.7,4,429600,431366
E00057282,6773.25,4,430257,431322
E00057283,5796.6,4,429486,431262
E00057284,6834.05,4,429156,431391
E00057285,9844.3,4,428974,431231
E00057286,4524.6,8,428368,431001
E00057287,9141.7,4,429357,431241
E00057288,8360,5,428196,431285
E00057289,6594.8,8,428759,431034
E00057290,8338.45,4,429975,431150
E00057291,6498.4,4,429825,431116
E00057292,6222.1,4,430083,431239
E00057293,8182.15,4,429657,431119
E00057294,5805.8,4,429461,431093
E00057295,7067,7,428509,430913
E00057296,8636.2,4,429487,430993
E00057297,3106.05,4,429592,430941
E00057298,7323.1,4,429571,430762
E00057300,11651.8,3,428074,432646
E00057303,32975.8,8,428397,433625
E00057304,6935.1,7,428095,433094
E00057305,5127.05,7,428222,433002
E00057307,3721.95,7,427974,433077
E00057309,11283.65,4,427559,432922
E00057310,12372.8,4,428471,432848
E00057311,3920.55,7,427962,432834
E00057312,8355.45,7,430281,431651
E00057313,11540.9,3,428193,432860
E00057315,9935.75,7,427910,432093
E00057316,8098.45,4,427790,432473
E00057321,15422.25,3,429719,432034
E00057322,8008.6,4,428955,432119
E00057323,9838.95,3,429058,432192
E00057325,7679.55,7,430298,431823
E00057326,4709.8,4,429047,432007
E00057327,4910.35,3,429046,431934
E00057328,19125.45,3,430280,432054
E00057329,8235.05,4,429098,431895
E00057330,7524.7,4,429786,431765
E00057331,5783.85,4,429512,431733
E00057332,6282.7,7,429980,431600
E00057333,12298.95,4,428522,431729
E00057334,7873.4,6,425067,440763
E00057335,8684.9,6,426264,440570
E00057336,8949.5,6,424821,440350
E00057337,8837.2,6,426823,440249
E00057338,6085.35,7,425553,440126
E00057339,9689.65,6,424889,439997
E00057340,6916.4,8,425798,439744
E00057341,7301,5,427643,439625
E00057342,8864.35,6,426711,439965
E00057343,7850,5,424852,439790
E00057344,8784.9,6,425452,439542
E00057345,7172.45,4,424865,439097
E00057346,7531,8,425144,439059
E00057347,5565.8,8,424911,438892
E00057348,6261,5,425074,438700
E00057349,10670.2,6,424697,441306
E00057350,7034.05,6,425468,440757
E00057351,6207.9,4,425808,440660
E00057352,10410.05,6,426545,441079
E00057353,8134.35,6,424638,440542
E00057354,7566.5,6,424918,440567
E00057355,8108.4,6,424518,440120
E00057356,5397.55,7,425794,440450
E00057357,8142.8,4,425549,440327
E00057358,6262.15,6,425993,440412
E00057359,6827.7,6,425241,440379
E00057360,10523.85,6,427731,440178
E00057361,8385.7,6,426506,440268
E00057362,6188.9,6,425078,440381
E00057363,6922,7,425965,440260
E00057364,5960.1,7,425775,440261
E00057365,6980,6,425072,440201
E00057366,9028.55,6,424677,440100
E00057367,8138.8,6,425395,440084
E00057368,9695.35,4,426000,440030
E00057369,8211.1,6,424923,440108
E00057370,6972.25,7,425743,440080
E00057371,6459,5,427700,439875
E00057372,8997.2,6,427207,439903
E00057374,7424,5,425301,439800
E00057375,7380,5,425104,439877
E00057376,8920.85,6,426289,440020
E00057377,7680.2,8,426161,439658
E00057378,8839.9,6,426464,439694
E00057379,9514.65,6,424700,439764
E00057380,8339.35,6,426810,439663
E00057382,6876,5,427064,439386
E00057383,5587.8,7,425305,439589
E00057384,8862.2,6,424534,439685
E00057385,7605,5,425768,439335
E00057386,8229.35,6,424669,439491
E00057387,6369.25,2,426799,439424
E00057388,7202,2,426516,439398
E00057389,5904.2,7,425113,439580
E00057390,9453.7,6,425490,439366
E00057391,6566,5,425083,439382
E00057392,7150.35,4,426203,439357
E00057393,8364.25,4,428337,439168
E00057394,8227.8,4,425264,439202
E00057395,8696.25,6,425528,439239
E00057396,9289.1,6,424833,439444
E00057397,6760,5,424551,439243
E00057398,6522,8,424711,439123
E00057399,8086,5,427599,439156
E00057400,11834.25,6,427314,439270
E00057401,8103,5,427854,439122
E00057402,4522.7,7,424988,439061
E00057403,5987,5,425330,438652
E00057404,6662,5,426600,439095
E00057405,6761,5,424603,438866
E00057406,9878.3,6,427893,438766
E00057407,5751.6,8,424819,438691
E00057408,8429.9,6,441911,433735
E00057409,13996,6,441115,433674
E00057410,8536.25,6,441871,433467
E00057411,8390,5,441096,432991
E00057412,6338.4,8,439647,432963
E00057413,7356,5,440213,433025
E00057414,8590.85,6,441752,433072
E00057415,8357.05,6,439907,432645
E00057416,8537.6,6,441329,432528
E00057417,8722.2,6,441917,432435
E00057418,9410.05,6,439801,432272
E00057419,8087.05,6,441254,432558
E00057420,9552.75,6,440936,432198
E00057421,9027.6,6,440202,426586
E00057422,8817.45,1,439640,426251
E00057423,8809.5,6,440901,426159
E00057424,8253,6,440564,427518
E00057425,9013.55,6,439744,426900
E00057426,8162.8,8,439488,427151
E00057427,5514.4,8,438825,427135
E00057428,7032.7,6,439096,426591
E00057429,6870.85,1,438623,425721
E00057430,6332,8,439391,425980
E00057431,10387,5,440418,433801
E00057432,9620.7,6,441591,433714
E00057433,7436.5,6,441579,433527
E00057434,7462.8,8,440703,433446
E00057435,6674.2,8,441344,433438
E00057436,5730,8,440546,433356
E00057437,6408.4,8,441023,433306
E00057438,7909.35,6,441561,433331
E00057439,9118.15,7,440351,433390
E00057440,5806.6,8,440057,433255
E00057441,9240.05,6,441355,433247
E00057442,6309,8,440789,433200
E00057443,5805,5,440149,433170
E00057444,7787,5,440325,433159
E00057445,7796.1,6,441558,433036
E00057446,8873.95,6,441438,432865
E00057447,6631,5,440401,432927
E00057448,7664.8,8,440063,432892
E00057449,7033,5,440608,433020
E00057450,7146.6,8,439870,432969
E00057451,7488.8,6,441666,432843
E00057452,6631.75,6,441838,432789
E00057453,9055.3,6,440539,432782
E00057454,6849,5,440929,432834
E00057455,8657.6,6,439490,433106
E00057456,7625.55,6,440749,432745
E00057457,7815.15,6,439781,432768
E00057458,7033.25,6,441628,432609
E00057459,9553.7,6,439755,432548
E00057460,11304,5,440234,432404
E00057461,8044.75,6,440730,432488
E00057462,8526.65,6,440582,432462
E00057463,8020.7,6,441395,432433
E00057464,8354.35,6,440972,432486
E00057465,9276.8,6,440527,432084
E00057466,6429.3,6,442169,432000
E00057467,6972,5,441199,432145
E00057468,11353,5,439080,427453
E00057469,6803.6,8,441109,427229
E00057470,7227.2,8,440005,427606
E00057471,5770.2,8,440381,429858
E00057472,6929.4,8,440574,429784
E00057473,11925.1,1,439680,429092
E00057474,8832.1,1,439789,430437
E00057475,10036.95,1,440279,429230
E00057476,8108.4,6,437911,430593
E00057477,7010,8,438245,430505
E00057478,6630.6,8,438219,430343
E00057479,6152.4,8,438038,430314
E00057480,7242,8,438786,430700
E00057481,7584.6,8,438521,430075
E00057482,6165.4,8,438647,430281
E00057483,8919.9,6,438101,430140
E00057484,8907,8,438790,429773
E00057485,20345.4,1,438397,430656
E00057486,8450.3,6,438402,430681
E00057487,8800.85,6,438070,430636
E00057488,6106.6,8,436583,435413
E00057489,6638,5,436387,435343
E00057490,7480,5,436649,435143
E00057491,8892.2,6,436711,434828
E00057492,6912,5,436686,434622
E00057493,8463,5,436455,434574
E00057494,6471,5,436364,434070
E00057495,9030.45,6,435414,434079
E00057496,7380.4,8,435799,433798
E00057497,9000.85,6,436608,433856
E00057498,8532,5,435429,433630
E00057499,8190.3,6,436600,433204
E00057500,7831.5,6,435668,433008
E00057501,8936,5,435042,433144
E00057502,6392,5,437129,432159
E00057503,8999.8,8,436948,435595
E00057504,18639.05,1,438631,434713
E00057505,8463.95,6,437264,435348
E00057506,6491,5,436838,435210
E00057507,7934.75,6,436226,435301
E00057508,7370.55,6,436389,434990
E00057509,7137,5,436894,434920
E00057510,7758.8,6,437632,435149
E00057511,5904,5,437037,435036
E00057512,7779.75,6,436240,434966
E00057513,6582,5,437797,434946
E00057514,5844,5,436459,434835
E00057515,11556.9,7,436265,434577
E00057516,6875,6,436841,434219
E00057517,8927.6,6,436625,434404
E00057518,8436.65,6,436151,434194
E00057519,9575.45,6,436620,434241
E00057520,6070,5,435843,434254
E00057521,7275.55,6,435952,434094
E00057522,5778,5,435607,434066
E00057523,8742.6,6,436425,434202
E00057524,8420.3,6,436859,433991
E00057525,9018.55,6,436743,434006
E00057526,8143,5,437258,434361
E00057527,6897,5,435709,433896
E00057528,7935.7,6,436021,433901
E00057529,6844,5,436418,433824
E00057530,6505,5,436237,433936
E00057531,9663.7,6,435139,433722
E00057532,5024.1,7,435564,433739
E00057533,9215.85,6,436939,433712
E00057534,7260,5,435405,433835
E00057535,8281.65,6,436159,433507
E00057536,7937.2,8,435158,433498
E00057537,7452.85,6,435912,433674
E00057538,8674,5,434894,433840
E00057539,8524.2,6,435718,433438
E00057540,8407.05,6,436408,433536
E00057541,8565.3,6,436006,433236
E00057542,8943.15,6,436621,433575
E00057543,22659.25,6,438005,433860
E00057544,9078.55,6,437309,433703
E00057545,6210,5,435496,433339
E00057546,6211.8,8,435299,433335
E00057547,6331,5,436886,433482
E00057548,8336.1,6,437054,433321
E00057549,8246.65,6,436618,433444
E00057550,11165,5,437467,433038
E00057551,8311.65,6,436347,433054
E00057552,9322.6,6,437169,433098
E00057553,8621.25,6,435226,433115
E00057554,8943.15,6,436927,432837
E00057555,8290.7,6,435330,433184
E00057556,8606.5,6,435928,431283
E00057557,8443.95,6,436743,433073
E00057558,9205.85,6,435477,432942
E00057559,10548.45,6,434643,432182
E00057560,8944.5,6,436418,432511
E00057561,9039.5,6,436937,435469
E00057562,7343,5,437040,435335
E00057563,7519.2,6,437471,435345
E00057564,7770.05,4,433081,435908
E00057565,5378.05,4,433347,435980
E00057566,7293.75,4,434091,435941
E00057567,7193.1,4,431766,435766
E00057568,7580.2,4,432012,435673
E00057570,8560.7,4,432265,435726
E00057571,7870.2,4,431927,435546
E00057573,7820.2,4,432958,435261
E00057574,7674.4,4,432407,435155
E00057575,7111.15,4,431979,434852
E00057576,6831.45,3,431974,435963
E00057577,10327.65,4,431863,435710
E00057578,7711.5,4,433976,435761
E00057579,6861.8,4,432798,435811
E00057580,7527.95,4,432963,435821
E00057581,7710.5,3,431729,435833
E00057582,6925.5,4,433577,435739
E00057583,6007.1,4,431597,435719
E00057584,7534.4,4,433205,435837
E00057585,6493.4,4,433352,435740
E00057586,5920.8,4,431514,435768
E00057587,6874.05,4,432656,435417
E00057589,10295.75,4,431497,435586
E00057590,5866.45,4,431696,435621
E00057591,7171,4,432387,435519
E00057592,9310.25,4,432787,435619
E00057593,7224.55,4,432269,435487
E00057594,7046.8,4,432975,435488
E00057595,7625.85,4,431998,435505
E00057596,6230.65,4,431807,435472
E00057597,12120.3,3,431454,435255
E00057598,11801.5,3,431601,435423
E00057599,5767.25,4,431810,435350
E00057600,6898.25,4,432507,435327
E00057601,8415.05,4,431967,435334
E00057602,6144.2,4,432208,435333
E00057603,9098.1,4,432275,435199
E00057604,6914.7,4,432720,435249
E00057605,6899.7,4,432009,435249
E00057606,7381.4,3,432906,435124
E00057607,10044.45,4,432663,435076
E00057608,6130.65,4,431738,435230
E00057609,5745.8,4,432316,435150
E00057610,7289.55,4,432463,435089
E00057611,6854.7,4,431961,435097
E00057612,8347.8,4,432407,435008
E00057613,7551.65,4,432086,435011
E00057614,10776.7,4,432311,434901
E00057615,8906.85,4,432542,434950
E00057616,8606.2,4,431964,434995
E00057617,6985.35,4,432149,434914
E00057618,7278.9,4,432201,434761
E00057619,9014.75,4,433798,436410
E00057620,7794.25,4,433993,436375
E00057621,9653.95,4,433411,436150
E00057622,7008.25,6,433940,436232
E00057623,6823.25,4,433608,436202
E00057624,6207.75,4,433797,436083
E00057625,9311.4,6,434140,436119
E00057626,7256.65,4,431940,436092
E00057627,6414.85,4,433654,435966
E00057628,7659.25,2,428722,435071
E00057629,6918.25,2,428242,434922
E00057630,6179.25,2,428213,435043
E00057631,5748.05,4,428439,434859
E00057632,6249,2,428590,434912
E00057633,5429.5,2,428240,434740
E00057634,8050.55,4,428840,436215
E00057635,4200,2,427448,436200
E00057637,6791.75,2,427565,436111
E00057638,6257,2,427740,435989
E00057639,9587.25,2,427750,435846
E00057641,7901.5,2,428978,435748
E00057642,11469,2,427926,435505
E00057643,7442.75,2,428065,435580
E00057645,10508.75,2,428730,435525
E00057646,6293.75,2,428327,435378
E00057647,5443,2,428100,435377
E00057648,8468.5,2,428398,435201
E00057649,6815.35,4,428135,435192
E00057650,8399,2,428685,435150
E00057651,5426.5,2,428162,435326
E00057652,4420,2,428483,435331
E00057653,5494.75,2,428412,435332
E00057654,6725.25,2,427811,435484
E00057655,6441.15,4,427746,435393
E00057656,2870.75,2,428010,435323
E00057657,6050.5,2,428737,435372
E00057658,6202.5,2,428259,435206
E00057659,6388.75,2,428064,435133
E00057660,2703.75,2,428588,435151
E00057661,6474.5,2,428501,435067
E00057662,7079.75,2,428386,435077
E00057663,6072.5,2,427969,435125
E00057664,5384.5,2,428603,435056
E00057665,5487.5,2,428091,434896
E00057666,7891.5,2,428289,434961
E00057667,4436.55,3,428479,434653
E00057668,4267.05,4,428542,434781
E00057669,7507.75,2,428283,434835
E00057670,5101.75,4,428285,434782
E00057671,3800.6,8,429085,436635
E00057672,7468.9,4,428839,436505
E00057673,8499,5,428340,436384
E00057674,6648.25,2,428004,436452
E00057675,5345.95,4,429288,436253
E00057676,6274.2,4,429094,436386
E00057679,4119.25,2,427672,436322
E00057680,6417.75,2,428256,435991
E00057681,10843.75,2,428949,435883
E00057682,6853.75,2,427602,436207
E00057683,5754.75,2,427803,436275
E00057684,2458.75,2,427281,436230
E00057685,6288.25,2,428474,435923
E00057686,5617,2,427382,436047
E00057687,2020,2,427343,435883
E00057689,6808.75,2,427231,436010
E00057690,6645,2,427141,435900
E00057691,8336,2,427889,436085
E00057692,6846.75,2,427973,435874
E00057693,6076.5,2,427888,435991
E00057695,4901.5,2,427570,435981
E00057696,5943.25,2,428439,435718
E00057697,6729.5,2,428093,435763
E00057698,6190,5,427461,435675
E00057699,5356,2,428251,435716
E00057700,5086.25,2,428195,435631
E00057701,5482.5,2,428881,435595
E00057702,8746.25,2,427708,435632
E00057703,7734.75,2,428178,435477
E00057704,4268,2,428335,435588
E00057705,8812,5,421721,439367
E00057706,6184,5,419984,438453
E00057707,5621,5,420904,438558
E00057708,8698,5,420869,439180
E00057709,10029.65,6,421545,438821
E00057710,9432.75,6,422106,439248
E00057711,9669.65,6,422185,439006
E00057712,11576.95,6,421891,438332
E00057713,7854.75,6,423589,439772
E00057714,6189,5,424682,438315
E00057715,7802.45,6,423245,438241
E00057716,9916.95,6,423259,438016
E00057717,7110.2,8,424605,437725
E00057718,7602.6,8,424385,437922
E00057719,9101.8,6,424934,437756
E00057720,6577,5,423945,437456
E00057721,7916,5,423373,437340
E00057722,9266.4,6,423622,437202
E00057723,9224,5,423815,437032
E00057724,7035,5,423564,436911
E00057725,8709.9,6,424445,437419
E00057727,10719.1,6,422622,437348
E00057728,6294,5,424126,437138
E00057729,8345.3,6,424341,437050
E00057730,6411.75,6,423180,436999
E00057731,9488.7,6,423475,437063
E00057732,9671,5,423979,439238
E00057733,8882.2,6,423093,439558
E00057734,8925,5,423807,438601
E00057735,9647,5,423906,439683
E00057736,7377,5,424329,439388
E00057737,6259,5,424189,439142
E00057738,9671,5,423209,439049
E00057739,9213,5,424219,438881
E00057740,7657,5,423698,438933
E00057741,8223.4,6,422689,438556
E00057742,8994.5,6,422729,438205
E00057743,7781.5,6,424084,438689
E00057744,7630,5,424335,438602
E00057745,8043.4,6,423253,438575
E00057746,5520.75,7,424521,438352
E00057747,11352,5,424593,438567
E00057748,7357.2,8,424294,438341
E00057749,6466.75,6,423162,438359
E00057750,11345.05,6,422289,437813
E00057751,7612.85,6,423566,438317
E00057752,6167.4,7,424620,438086
E00057753,6465,5,423766,438279
E00057754,7554,5,424886,438285
E00057755,8548,5,424148,438221
E00057756,7031,5,425011,438109
E00057757,6936,5,424927,437916
E00057758,7612.6,8,424114,438084
E00057759,10634,5,423820,438115
E00057760,6458.55,7,424610,438237
E00057761,6908,5,424899,438040
E00057762,6042.6,8,424582,437950
E00057763,9941,5,423302,437717
E00057764,7298.2,8,424050,437824
E00057765,9115,5,423875,437967
E00057766,7906,5,423556,437757
E00057767,7060,5,423721,437665
E00057768,7008,8,424287,437692
E00057769,8748,5,424650,437376
E00057770,5946.25,7,423912,437591
E00057771,6658,5,423585,437482
E00057772,7111.1,7,424061,437367
E00057773,9166,5,423718,437352
E00057774,6109.85,6,423119,437313
E00057775,7032,5,424222,437372
E00057776,7181.6,8,431391,430784
E00057777,7004.05,7,431269,430770
E00057778,6250.4,8,430845,430176
E00057779,5875.1,7,431286,430196
E00057780,6539.7,7,431010,430106
E00057781,6049.2,7,431027,429992
E00057782,6675.6,8,431281,429632
E00057783,7116.75,7,431090,429701
E00057784,7166.6,8,431251,429374
E00057785,7327.4,8,431580,428761
E00057786,6852.2,8,431181,428677
E00057787,11133.65,4,430742,431604
E00057788,7676.6,7,430688,430956
E00057789,9648,7,430671,430973
E00057790,5283.05,4,430943,431706
E00057791,10918.15,7,431041,431058
E00057792,8912.2,6,432000,429915
E00057793,5665.75,7,430908,430783
E00057794,6645.35,7,431135,430715
E00057795,36674,8,432517,430179
E00057796,5723,8,431658,430486
E00057797,7291,8,430963,430519
E00057798,7331,8,431298,430434
E00057799,4894,8,431576,430395
E00057800,5726.65,7,431045,430264
E00057801,6325.6,7,430600,430386
E00057802,4317.45,7,430940,430191
E00057803,6527.2,8,430662,430075
E00057804,6336.8,8,431387,430093
E00057805,6002.4,8,431487,429788
E00057806,9907.4,8,431729,429643
E00057807,5793.7,7,431245,429919
E00057808,8547,4,430695,429754
E00057809,5801.45,4,430954,429593
E00057810,7386,8,431350,429220
E00057811,7725.95,7,430964,429351
E00057812,7959.75,6,431562,429420
E00057813,6620,5,431906,429340
E00057814,7208.8,8,431666,429238
E00057815,9536,6,431970,429146
E00057816,6285.4,8,431442,429124
E00057817,6560.85,7,431054,429096
E00057818,6337.4,7,431185,429018
E00057819,7430.8,8,431551,429002
E00057820,6685.6,8,431934,428962
E00057821,6372.4,7,431311,428743
E00057822,7267.4,8,431567,428865
E00057823,6749.95,7,431016,428754
E00057824,6923.6,8,431080,428475
E00057825,13160.3,7,431221,431868
E00057826,10566.15,4,430946,432039
E00057827,8963.7,7,431316,431571
E00057828,10193.05,7,431689,431656
E00057829,5386.4,7,431411,431341
E00057830,27547.7,7,432726,430798
E00057831,7374.85,7,431489,431180
E00057832,12195,2,427512,434444
E00057833,8175.7,4,428344,434506
E00057834,7528.4,7,425220,437356
E00057835,7430.85,4,425411,437051
E00057838,7700.05,4,424873,436869
E00057839,8164,5,425757,436506
E00057840,7387.4,8,426893,436306
E00057841,7948.6,4,426689,436215
E00057842,7773.25,2,426657,435690
E00057843,9116.7,4,426976,435766
E00057844,7692.95,4,427036,435346
E00057845,8061.75,2,427625,435263
E00057846,6735.35,4,427313,435300
E00057847,6564.7,4,426991,435047
E00057848,6623.25,2,427454,434760
E00057849,7214.95,3,428094,434485
E00057850,7829.75,2,427395,434792
E00057851,9214.5,2,427281,434735
E00057852,7815,2,427529,434944
E00057853,7504.05,4,427689,434579
E00057854,9018.95,4,427834,434878
E00057855,8229.9,4,428202,434648
E00057856,10950.15,3,427853,434411
E00057857,7680.5,3,428344,434598
E00057858,7538.45,3,428427,434550
E00057859,8936.2,4,428175,434265
E00057860,6047.15,7,425516,437296
E00057861,6354.45,7,425805,437403
E00057862,8731.2,4,426069,437342
E00057863,6958.8,7,426146,437091
E00057864,6978.9,4,425208,437020
E00057865,8291.35,4,425905,437069
E00057866,8224.9,4,425704,437034
E00057867,7982.8,4,426097,436861
E00057868,5634,5,425087,436828
E00057869,8631.2,4,425860,436844
E00057871,6124,5,425537,436602
E00057872,6930,6,425646,436570
E00057873,6924,5,426173,436163
E00057874,6350,5,425215,436634
E00057875,10823.35,4,426189,436595
E00057876,9755.1,4,426325,436337
E00057877,5627.2,8,426492,436150
E00057878,6159,5,426370,436042
E00057879,11523.5,2,426734,435919
E00057880,6461.5,7,427010,436020
E00057881,6704,5,425949,436028
E00057882,6596.75,2,426581,435812
E00057883,7846,2,426389,435755
E00057884,8066.35,4,426750,435591
E00057885,7479.5,2,427245,435534
E00057887,16294.15,3,426328,435402
E00057888,5488.45,7,427228,435434
E00057889,8026.35,4,426861,435284
E00057891,7426.25,2,427465,435303
E00057892,7384.25,2,427651,435213
E00057893,6715.5,4,427178,435118
E00057894,7443,2,427739,435138
E00057895,6502.1,4,426680,435166
E00057896,6032.75,4,427913,435043
E00057897,6955.35,4,427411,435122
E00057898,7271,2,427585,435045
E00057899,10895.55,4,426847,434861
E00057900,7245,2,427288,434916
E00057901,7317.3,4,427177,434876
E00057902,9571.95,6,430619,427153
E00057903,7078,8,429614,427384
E00057904,6472.65,7,430097,427236
E00057905,10652.65,1,433508,426027
E00057906,6011.8,8,431915,428660
E00057907,8018.9,4,430323,429240
E00057908,5666.6,8,429130,428176
E00057909,7456.8,8,430410,428317
E00057911,6677,5,432504,427988
E00057913,5813.05,7,429153,427713
E00057914,7273.15,7,429455,427982
E00057916,6995.8,8,430081,427777
E00057917,10175.25,7,429735,427915
E00057918,7789.75,6,432702,427594
E00057919,6287.6,8,429796,427694
E00057920,7310.8,8,429758,427432
E00057921,6674.8,8,429035,428959
E00057922,4552.7,7,428817,428193
E00057923,7161,4,430586,428610
E00057924,6565.85,7,430837,428513
E00057925,8109.35,6,432461,428776
E00057926,8073.4,8,431966,428112
E00057927,10355.6,6,430178,428230
E00057928,8349,5,430740,428404
E00057929,9689.65,6,430790,428279
E00057932,10585.2,6,429757,428185
E00057933,5778.95,7,429187,428248
E00057934,7258,8,430390,428160
E00057935,8840.8,8,429989,427989
E00057936,6113.2,8,429373,427883
E00057937,9553.3,6,431674,427994
E00057938,6121.25,7,430284,427888
E00057939,11363,5,430732,428012
E00057940,7995.3,6,432773,428093
E00057941,8509.9,6,432563,427720
E00057942,5255.5,7,429604,427785
E00057943,5534.8,8,430482,427735
E00057944,7445.85,4,430090,427549
E00057945,4843.1,7,429979,427557
E00057946,7338.8,8,430280,427568
E00057947,4847.05,7,429294,427501
E00057949,4567.7,7,429359,427182
E00057950,11172.65,6,432765,427267
E00057951,6617,8,430423,427443
E00057952,5417.8,8,429519,427447
E00057955,7276,5,432609,426749
E00057956,6517.4,7,429769,427163
E00057957,5981,5,430459,427133
E00057959,6210.4,8,430804,426747
E00057960,8796.8,8,430000,426849
E00057961,9375,5,431871,426633
E00057962,7950.7,6,432854,426546
E00057963,6773.6,8,432568,426228
E00057965,9636.6,8,430904,426389
E00057966,6973,8,432934,426325
E00057967,6349.6,8,433331,426205
E00057968,8963.8,6,433187,426049
E00057969,7406.5,6,432990,425726
E00057970,6209.85,6,433354,425459
E00057971,7971,5,430539,438298
E00057972,5940,5,430475,438254
E00057973,7927.8,4,430081,438115
E00057974,8464.1,4,431559,437775
E00057975,9389.65,6,430749,437752
E00057976,6687.6,4,431251,437512
E00057977,7472,5,431155,438917
E00057978,6833.9,4,431427,438803
E00057979,8835.55,4,431101,438594
E00057980,9928.5,4,430145,438468
E00057981,5130,5,428761,437929
E00057982,6081,5,430333,437848
E00057983,6601.15,4,431088,437969
E00057984,8635.85,6,430819,438000
E00057985,7287.3,4,429796,437903
E00057986,6806,5,431401,437825
E00057987,8528.75,4,429550,437727
E00057988,5965,5,431024,438167
E00057989,6926,4,429966,437854
E00057990,6165,5,431771,437948
E00057991,7851.1,6,429294,438015
E00057992,9757.35,6,430633,437880
E00057993,6454.7,7,431096,437744
E00057994,5844,5,430188,437927
E00057995,6053,5,429109,437916
E00057996,6250,5,429083,437648
E00057997,7445.85,4,429690,437527
E00057998,4954.65,4,431017,437610
E00057999,5505,5,429858,437583
E00058000,6633.4,4,431485,437551
E00058001,8983.15,6,430002,437681
E00058002,8713.1,3,431238,437370
E00058003,7064.05,6,429950,437287
E00058004,7568.8,6,429891,437298
E00058005,8239.35,6,429695,437309
E00058006,6820,6,429614,437216
E00058007,6258,5,431457,439222
E00058008,7216.9,7,431028,439130
E00058009,7955.7,6,431761,439268
E00058010,7973.6,4,430568,439092
E00058011,7302.5,7,430012,438960
E00058012,6301,5,430344,439021
E00058013,8372.6,6,431860,439041
E00058014,7283.75,4,431633,439013
E00058015,6839.05,7,430176,438984
E00058016,12976.65,4,430509,438666
E00058017,9149.9,4,430697,438933
E00058018,9076.2,4,430315,438766
E00058019,7267,5,431328,439151
E00058020,5840,4,431622,438757
E00058021,6849.55,4,431725,438528
E00058022,9715.75,3,429763,438671
E00058023,9831.85,4,431415,438532
E00058024,10144,5,430902,438781
E00058025,8203.6,4,429379,437877
E00058026,9349.4,7,430089,438740
E00058027,9830,5,429202,438351
E00058028,7510.15,6,430533,438464
E00058029,5662.55,7,431662,438188
E00058030,7116.65,4,431003,438344
E00058031,9441.65,4,430850,438475
E00058032,7311.65,4,431253,438344
E00058033,7546.5,4,429706,438300
E00058034,7664.4,4,429951,438369
E00058036,6509.05,4,429879,438116
E00058037,7141,4,430858,438142
E00058038,7361.65,4,431388,438065
E00058039,9140,5,430398,438115
E00058040,8210.3,7,431281,437939
E00058041,8415,5,428349,438209
E00058042,13567.8,8,424285,429713
E00058043,7251,8,424368,429368
E00058044,7368,5,424094,429292
E00058045,6613.3,7,424395,429049
E00058047,6814,5,421558,428675
E00058048,6990,5,423277,429837
E00058049,6394.8,8,421639,429175
E00058050,7458.2,8,423994,429786
E00058051,6715,5,423721,429223
E00058052,7652.85,6,424029,429629
E00058053,6995.8,8,424710,429737
E00058054,8003.4,6,424865,429359
E00058055,8319.4,8,424054,429523
E00058056,7133,8,421881,428727
E00058057,9009,5,423140,429093
E00058058,6773.65,6,425022,429161
E00058059,8193,5,422576,429504
E00058060,9118.55,6,424596,429188
E00058061,9543.7,6,422071,428987
E00058062,9916.95,6,424153,429020
E00058063,14703,5,424972,428505
E00058064,9570.85,6,425745,429584
E00058065,4122.2,7,422576,428699
E00058066,6681.4,8,424456,428806
E00058067,7060,8,424621,428891
E00058068,9854.65,6,422455,428656
E00058069,8435.3,6,422857,428163
E00058070,9604.1,6,422751,428495
E00058071,6590.4,8,423006,428340
E00058072,8029,5,421958,428376
E00058073,13024,5,422184,429162
E00058074,8333,6,422665,428364
E00058075,6958.6,8,423485,428178
E00058076,8252.05,6,422502,428152
E00058077,8075.7,6,422576,428149
E00058078,8395,5,426208,429003
E00058079,6929.6,6,426008,429016
E00058080,7903,5,426649,428688
E00058081,9091,5,425476,428217
E00058082,10336,5,426211,428308
E00058083,7493,5,426172,428007
E00058084,6568,5,425688,427028
E00058086,21847,5,424662,427153
E00058087,7656.8,8,425910,427850
E00058088,7910,5,425859,427621
E00058089,7624,5,425044,426417
E00058090,9102,5,425394,427379
E00058091,9390,5,425888,427410
E00058092,7271,5,425737,427235
E00058093,6419,5,425589,427186
E00058094,27931,5,427797,429716
E00058095,9024.1,6,426679,429501
E00058096,7314,5,427183,429709
E00058097,6380.6,7,426884,429789
E00058098,9160,5,427509,429439
E00058099,5624,5,426324,429316
E00058100,6776,5,426990,429214
E00058101,8635.85,6,426626,429220
E00058102,9074.5,6,427179,429325
E00058103,9105.45,6,427265,429186
E00058104,9545.45,6,426779,428786
E00058105,8557.2,6,426335,429061
E00058106,8109.35,6,426460,428963
E00058107,7161.5,6,425961,428825
E00058108,6916.2,8,425728,428778
E00058109,5999.6,8,426278,428670
E00058110,7266,5,426417,428750
E00058111,10850,5,426672,428222
E00058112,7559,5,426121,428593
E00058113,8136,5,426532,428458
E00058114,6491,5,426238,428602
E00058115,24529.65,6,427648,428908
E00058116,5588.7,7,425681,428436
E00058117,9291.8,6,426703,428448
E00058118,6032.4,7,426064,428500
E00058119,5240.25,7,425794,428584
E00058120,6070.4,8,425970,428391
E00058121,9869,5,425734,428005
E00058122,9140.85,6,426831,428393
E00058123,6657,5,425823,428278
E00058124,4226.05,7,426407,428273
E00058125,6978,5,426020,428115
E00058126,8909,1,428287,425375
E00058127,8216,5,429959,424899
E00058128,9442.35,6,428498,424841
E00058129,9611.4,6,430557,424631
E00058130,8261,5,430287,426213
E00058131,7983.8,6,430569,425921
E00058132,9231,5,428014,426237
E00058133,7853,6,428070,425653
E00058134,9386.25,6,427782,425576
E00058135,10532.75,6,426854,425965
E00058136,6602,5,430872,425859
E00058137,6425.4,8,428830,425817
E00058138,9384.1,6,427895,425907
E00058139,6918.6,8,429379,426091
E00058140,6899.4,8,431285,425699
E00058141,6068.2,8,429101,425659
E00058142,7037.2,8,429299,425674
E00058143,8479.5,6,428357,425764
E00058144,7033,8,427541,425412
E00058145,8502.6,6,428602,425849
E00058146,6953,5,427556,425728
E00058147,6009.6,8,428954,425604
E00058148,8589.9,6,430426,425597
E00058149,8363.95,6,428635,425520
E00058150,9018.15,6,428342,425530
E00058151,6044.6,8,429025,425342
E00058152,8328.4,8,429511,425389
E00058153,7273.8,8,430331,425427
E00058154,9773.7,6,429861,425179
E00058155,6910,5,431246,425317
E00058156,9407.35,6,427956,425280
E00058157,7275,5,426611,425368
E00058158,8731.25,6,428715,425176
E00058159,5870.1,7,430450,425224
E00058160,9127.8,1,427707,424815
E00058161,8630,5,430530,425098
E00058162,8245.7,6,427555,425105
E00058163,9346.4,6,427903,424569
E00058164,10032.9,6,428242,424723
E00058165,11505.9,6,429109,423957
E00058166,7424.2,6,428489,424444
E00058167,7919.75,6,428506,424189
E00058168,8532,5,429985,426015
E00058169,7679.8,8,429608,426131
E00058170,6486,5,428643,426170
E00058171,8109.75,6,428335,426274
E00058172,8769.1,6,428116,425983
E00058173,8522.2,6,428391,425979
E00058174,7376,8,428880,426799
E00058175,8054,8,427852,427983
E00058177,6825,8,427014,427553
E00058178,8959.6,8,426940,427594
E00058179,7492.45,6,427502,427199
E00058180,6045,5,425946,427111
E00058181,7979,5,426777,427106
E00058182,7026,5,426143,427077
E00058183,8230.3,6,427145,427088
E00058184,9332,5,425810,426824
E00058185,6941,5,426829,427335
E00058186,8347.6,6,427995,427669
E00058187,7003,8,427227,427723
E00058188,6316,5,427422,427686
E00058189,13699.65,7,426411,427797
E00058190,7161.9,6,427530,427548
E00058191,12018.85,7,426472,427442
E00058192,11266,7,426256,427636
E00058193,8155.3,6,427292,427335
E00058194,5589,5,427166,427501
E00058195,6566.2,8,426071,427245
E00058196,7733,5,426367,427278
E00058197,6629,5,426214,427243
E00058199,7523,5,425880,427038
E00058200,8223,5,426266,426940
E00058201,6606.25,7,426515,427031
E00058202,11515.6,8,427362,426673
E00058204,5882.15,7,426674,426831
E00058205,10858,8,426580,426469
E00058206,13809,5,426045,426620
E00058207,11886.55,6,426310,426396
E00058208,7777,5,426735,426543
E00058209,14217.35,6,425399,425639
E00058210,7420.15,6,427169,426231
E00058211,12210.35,7,428037,427582
E00058212,7795.95,6,427325,428178
E00058213,5908.05,7,428065,428032
E00058214,9819,5,426474,428019
E00058215,9379,5,426750,427978
E00058216,7704.55,7,426564,427877
E00058217,7281,5,426902,427906
E00058218,5465,8,427327,427897
E00058219,7051.6,8,427194,427903
E00058220,8996,5,426948,428105
E00058221,5913.2,8,427576,427844
E00058222,8503.25,7,426816,427782
E00058223,8845.45,6,427718,427566
E00058224,7109.4,8,427996,427815
E00058225,13297,5,431794,439616
E00058226,8259.9,4,430663,439689
E00058227,6841,5,430276,439587
E00058228,5617,5,429801,439640
E00058229,6069.2,4,430178,439451
E00058230,8595.75,3,429816,439169
E00058231,6731.15,4,429321,438933
E00058232,6597.4,7,429382,439077
E00058233,8589.75,4,428957,438830
E00058234,8464.9,6,428917,441090
E00058235,6488,5,430687,440401
E00058236,7952,5,430557,440901
E00058237,8635.3,6,429073,440199
E00058238,7713.8,6,430210,439993
E00058239,6763,5,430529,440173
E00058240,9065.85,6,431170,440060
E00058241,7545.15,6,429058,439952
E00058242,7345.55,6,431597,439920
E00058243,7815.15,6,428477,439951
E00058244,7791.1,6,429450,439842
E00058245,7771,2,430763,439400
E00058246,7564.6,6,429195,439661
E00058247,7782.45,6,431763,439811
E00058248,7512.85,6,428875,439755
E00058249,6158,5,429819,439971
E00058250,6728,5,430979,439501
E00058251,6229,5,429587,439718
E00058252,7335,5,431563,439743
E00058253,7558,5,431246,439438
E00058254,6202.75,4,429871,439453
E00058255,7591.5,4,428902,439247
E00058256,8299.95,3,429585,439348
E00058257,6065,4,430508,439390
E00058258,7219.05,3,430225,439268
E00058259,7387.5,2,430979,439346
E00058260,8477.8,4,429177,439350
E00058261,7937.15,4,429790,439071
E00058262,11297.1,3,429087,439061
E00058263,10396.55,3,428685,438716
E00058264,8738.4,4,429429,438796
E00058265,6535.5,4,429052,438687
E00058266,4603.2,1,428889,442197
E00058267,7615.15,6,429830,440787
E00058268,8148,6,429578,440725
E00058269,6367,5,429464,440589
E00058270,8601.25,6,429055,440663
E00058271,6537,5,428869,440486
E00058272,7774.75,6,429685,440332
E00058273,7052,5,431123,440299
E00058274,8022.05,6,429368,440463
E00058275,8760.85,6,429067,440382
E00058276,5970,5,432750,440045
E00058277,6233,5,430865,440040
E00058278,8037.05,6,432388,440019
E00058279,7093.1,4,430609,439999
E00058280,7060.95,6,431384,439959
E00058281,9203.15,6,432070,439944
E00058282,7742.45,6,430645,439850
E00058283,7839.75,6,430446,439777
E00058284,7530.15,6,429346,440064
E00058285,5237.5,2,428981,440079
E00058286,5500,5,432440,439914
E00058287,8570,5,430989,439771
E00058288,8305.3,6,431263,439763
E00058289,7635.15,6,428900,439867
E00058290,7955.15,6,430097,439789
E00058291,6334,5,431396,439614
E00058292,8115.7,6,432531,440256
E00058293,8487.6,6,432542,440171
E00058294,7709,5,432439,445648
E00058295,13394.75,1,432237,443264
E00058296,10968.15,6,431277,441073
E00058297,8216.65,6,431738,440516
E00058298,7358,5,432554,441233
E00058299,8446.65,6,432438,440380
E00058300,9186.8,6,431578,440256
E00058301,8848.95,6,431486,440217
E00058302,5872,5,432730,440404
E00058303,8999.9,6,432002,440140
E00058304,9181.8,6,421504,440661
E00058305,5996,8,421313,440724
E00058306,6528.6,8,421372,440174
E00058307,6185.4,8,421216,440021
E00058308,9371.4,6,421364,439450
E00058309,9275.45,6,421839,441632
E00058310,8898.55,6,421874,440284
E00058311,6392,8,421384,440238
E00058312,4603,5,422124,439717
E00058313,7179,5,421125,439899
E00058314,8955.85,6,421166,439639
E00058315,7390,5,421014,439581
E00058317,9843,5,421528,441013
E00058318,7776.1,6,421388,440864
E00058319,8929.85,1,427348,444674
E00058320,7366.9,6,425875,443454
E00058321,6635,5,425351,443234
E00058322,8885.3,6,425250,443045
E00058323,8415.3,6,424989,442921
E00058325,8399,5,424495,443433
E00058326,8844.9,6,425721,442942
E00058327,12444.25,1,424175,442981
E00058328,8958.55,6,425523,442824
E00058329,9238.15,6,425914,442608
E00058330,9085.85,6,426090,442156
E00058331,9575.45,6,425251,444016
E00058332,10893.4,1,422065,442804
E00058333,9269.1,6,420983,445349
E00058334,9411,5,420025,445430
E00058335,7395.2,7,419907,445244
E00058336,8550.3,6,421282,445190
E00058337,7685,5,419137,444492
E00058338,9377.75,6,418763,444719
E00058339,7462.85,6,419155,446709
E00058340,11769.15,6,420474,446661
E00058341,8101.1,6,420177,446783
E00058342,4668.2,8,418865,445819
E00058343,5903.8,8,420474,446353
E00058344,7546,5,419897,445840
E00058345,7062,5,419215,446106
E00058346,7522,5,420552,445989
E00058347,8438.4,6,422089,445871
E00058348,7443,5,421045,445867
E00058349,8333,5,420229,445702
E00058350,9036.8,6,420917,445623
E00058351,7831,5,420516,445467
E00058352,14628,7,420282,445450
E00058353,4957.05,7,419009,445160
E00058354,8980,5,420734,445324
E00058355,8937,5,419462,445269
E00058356,9395,5,420523,445273
E00058357,8997.2,6,420063,445096
E00058358,6939,5,420723,445137
E00058359,7140,5,420589,445172
E00058360,6458.4,8,419746,445209
E00058361,7501,5,419473,445099
E00058362,8171.2,8,420293,445091
E00058363,7086,5,419823,444643
E00058364,10040.2,6,418730,444909
E00058365,5910.4,8,418972,444943
E00058366,7612,5,421648,444620
E00058367,9872.35,6,418250,445014
E00058368,7640.15,6,419556,446818
E00058369,11907.1,6,419710,446614
E00058370,5528.6,8,418850,446617
E00058371,8193,5,420096,446410
E00058372,6595,8,420231,446581
E00058373,5770.2,8,419090,446572
E00058374,6008.2,8,419006,446481
E00058375,6006,5,419941,446457
E00058376,7881.1,6,420317,446378
E00058377,5565.5,7,419450,446410
E00058378,5939.6,8,419796,446325
E00058379,5492.55,7,419615,446332
E00058380,7897.6,8,419565,445961
E00058381,6941,5,424634,445252
E00058382,7246.6,8,424303,445010
E00058383,14488.8,6,424791,444638
E00058384,12099,6,423414,444710
E00058385,6253,5,424302,445304
E00058386,15052.45,6,425151,445104
E00058387,8116,5,422449,436208
E00058388,7990.7,6,421811,435823
E00058389,10812,5,421697,435464
E00058390,9509.65,6,422209,435120
E00058391,9156.8,6,419975,434771
E00058392,6576.4,8,421435,435075
E00058393,5781.9,7,421512,434966
E00058394,6345,5,421631,434841
E00058395,7883,5,421983,434736
E00058396,8106.65,6,420480,434491
E00058397,8415.55,4,420723,434278
E00058398,7477.95,4,420209,434089
E00058399,8438.8,8,421518,433904
E00058400,8581.25,6,420122,433738
E00058401,8418,8,421721,433799
E00058402,7075,5,420364,437196
E00058403,6878.95,1,420049,437468
E00058404,6655.6,8,420453,436710
E00058405,6205.4,8,421560,436366
E00058406,7057,5,422543,436597
E00058407,10346,5,421936,436374
E00058408,8057,5,421793,434982
E00058409,9216.65,6,420592,435041
E00058410,6745,6,421475,434832
E00058411,6780.6,8,421275,434803
E00058412,6417,8,421082,435089
E00058413,8718,5,422155,434928
E00058414,10580.2,8,421232,434654
E00058415,7995.85,4,419914,434372
E00058416,16772,5,422649,434424
E00058417,14220,5,421603,434235
E00058418,16652.6,6,420871,434667
E00058419,6200,5,421477,434517
E00058420,6228,5,421620,434686
E00058421,7575,5,421749,434665
E00058422,7638,5,421142,434352
E00058423,14663,5,422342,434209
E00058424,6367,5,421630,434493
E00058425,4764,4,419597,434272
E00058426,9497.35,6,420921,433998
E00058427,6930.35,4,420464,434123
E00058428,6576.15,4,420614,434113
E00058429,11724.2,4,419684,433796
E00058430,7672.3,4,420325,433951
E00058431,6139.2,4,419745,433463
E00058432,6399,8,421659,433621
E00058433,7115.2,8,421158,433740
E00058434,9033.15,6,420402,433763
E00058435,6965,5,422006,433977
E00058436,6577,5,422143,433787
E00058437,5367,5,422050,433708
E00058438,6314.8,8,421818,433684
E00058439,5751,5,422105,433597
E00058440,7615.15,6,420231,433565
E00058441,9820,5,421225,437377
E00058442,7200,5,420666,437159
E00058443,6933,5,420463,436947
E00058444,9618.3,6,420152,436972
E00058445,9064.5,6,419653,436909
E00058446,6874,5,420712,436874
E00058447,11383,5,420066,435844
E00058448,6915,6,420123,436796
E00058449,7929,5,421057,436131
E00058450,7311.9,6,420529,436510
E00058451,6844,5,422115,436387
E00058452,11433,5,422126,435967
E00058453,11868,5,422796,436346
E00058454,9010,5,422639,435985
E00058455,9386.4,6,421620,435709
E00058456,9279.1,6,421411,435469
E00058457,7989,5,421889,435319
E00058458,12415,5,422201,435465
E00058459,6959.7,7,421665,435275
E00058460,7002.3,6,422202,435214
E00058461,8127.05,6,422061,435227
E00058462,6538,5,421408,435277
E00058463,6759.2,8,421264,435106
E00058464,7145,5,421396,432875
E00058465,8908.15,6,422569,432822
E00058466,3439,8,423050,432434
E00058467,5613,5,423613,432660
E00058468,7641.2,8,422710,432493
E00058469,9013,5,423231,431927
E00058470,8183,5,422613,432143
E00058471,6525.6,7,423638,434179
E00058472,7813,5,423288,434114
E00058473,7532.75,7,423447,434169
E00058474,7152.25,7,423487,433850
E00058475,11437,5,422365,433607
E00058476,8880.85,6,420592,433530
E00058477,6872,5,422892,433665
E00058478,9513,5,423033,433383
E00058479,7211,5,420842,433173
E00058480,6710,5,421684,433323
E00058481,6992.8,8,421005,432829
E00058482,7419,5,422386,433071
E00058484,7237,5,419373,432850
E00058485,8727,5,421872,433186
E00058486,8068,5,419814,432866
E00058487,8934.5,6,421560,432877
E00058488,7408,5,422165,432897
E00058489,7683.8,8,423110,432820
E00058490,8707.4,8,423280,432830
E00058491,6413,5,419593,432956
E00058492,10264,5,422348,432845
E00058493,6850,5,421838,432842
E00058494,6342.15,7,421695,432798
E00058495,8150,5,422190,432739
E00058496,6664,5,422782,432688
E00058497,8462.65,4,420118,432567
E00058498,8160,5,421850,432666
E00058499,8914.5,6,421247,432475
E00058500,8523.95,6,419582,432524
E00058501,7464,8,422941,432558
E00058502,9079.5,6,421638,432042
E00058503,6694,5,422012,432358
E00058504,7381,5,422119,432546
E00058505,7032.8,8,422389,432501
E00058506,6681.4,8,422487,432362
E00058507,7334.6,8,422326,432233
E00058508,6957,5,422250,431894
E00058509,6378.55,7,423598,434229
E00058510,6245.4,8,423849,434120
E00058511,6998.8,8,423138,434019
E00058512,9270.05,6,422964,433957
E00058513,4912,8,423923,433884
E00058514,4789.1,7,424218,433839
E00058515,8024.75,6,422818,433840
E00058516,5020.9,7,423239,433808
E00058517,7719,8,423707,433932
E00058518,6133,5,422478,433883
E00058519,5033.85,7,423906,433711
E00058520,6217.4,8,423119,433573
E00058521,7152,5,422582,433606
E00058522,5533.7,7,423268,433657
E00058523,6735.2,8,423496,433619
E00058524,3804,7,421007,433536
E00058525,6567,5,421286,433514
E00058526,7430,5,424255,433589
E00058527,8808.55,6,423639,433364
E00058528,5452.2,8,421421,433450
E00058529,7325,5,422799,433359
E00058530,6693.55,7,422672,433430
E00058531,5632.2,8,420875,433447
E00058532,5673,5,421162,433345
E00058533,7070,5,422427,433301
E00058534,9640.45,7,422424,433475
E00058535,9305.8,8,422104,433268
E00058536,8062.05,6,422590,433123
E00058537,8250.7,6,421416,433167
E00058538,9571,5,422812,432978
E00058539,6705.6,8,434420,433486
E00058540,5562.2,8,432257,433324
E00058541,6719.2,8,434268,433151
E00058543,7840.2,4,431991,433037
E00058544,10528.35,4,434280,432841
E00058545,6755.85,7,434146,431154
E00058546,5027.95,7,431745,432575
E00058547,7190.6,8,432899,433735
E00058548,10362.35,4,434016,433600
E00058549,7891.2,8,433366,433718
E00058550,6445.35,7,434261,433480
E00058551,9179.8,8,434689,433387
E00058552,11176.25,4,432047,433510
E00058554,6061.8,8,432469,433510
E00058555,10958.2,4,433167,433375
E00058556,6080.4,8,432674,433554
E00058557,7425.2,4,432313,433472
E00058558,8531,5,432821,433344
E00058559,6422,8,432433,433365
E00058561,5920.8,4,433729,433306
E00058562,7729,8,434583,433404
E00058563,6842.15,7,431752,433483
E00058564,30093.8,8,432799,432109
E00058565,7465.85,3,431716,433305
E00058566,7156,4,433340,432976
E00058567,9174.25,3,431953,433272
E00058568,7455.2,4,432068,433262
E00058571,7505.85,4,434416,433058
E00058572,10311.25,4,433986,433162
E00058573,6898.6,8,433459,433037
E00058574,7675.05,4,432222,433142
E00058575,5036.8,7,433751,432851
E00058576,9116.85,4,432101,433197
E00058577,7832.95,4,432218,432989
E00058578,6224.2,4,431711,433066
E00058579,6385.65,4,431712,432944
E00058580,6339.45,7,434135,432927
E00058581,8259.25,4,431530,432920
E00058583,5669.6,7,431834,432843
E00058585,13029.7,4,432354,432554
E00058586,5732.25,4,431919,432708
E00058587,6437.75,4,431871,432606
E00058588,7669.4,8,433185,433853
E00058589,6977.2,8,433549,433959
E00058590,7896.2,8,433737,433846
E00058591,6189.2,7,434221,433745
E00058592,8187.8,4,433837,433794
E00058593,6205.35,7,433880,433712
E00058594,7665.4,8,433223,433659
E00058595,6193.2,8,432767,433754
E00058596,7125,5,432604,433702
E00058597,8970.55,4,433535,433514
E00058598,5614.4,8,432563,433659
E00058599,6790.8,8,432510,433614
E00058600,8302.8,4,432347,433566
E00058601,7728,5,436744,428667
E00058602,6875,8,435991,428515
E00058603,8426.65,6,434958,428662
E00058604,8659.35,6,435627,428648
E00058605,11047.5,6,436402,428023
E00058606,8879.9,6,433995,427992
E00058607,9286,6,437445,428883
E00058608,7168,8,434980,429231
E00058609,9103.7,6,435583,429191
E00058610,10726.15,6,436232,429407
E00058611,7588.2,8,435074,429126
E00058612,6847.2,8,436650,428966
E00058613,7953.8,6,435957,429157
E00058614,7007,5,433574,428959
E00058616,9846,6,435659,428850
E00058618,10871.25,6,434568,429006
E00058619,7069.2,8,436045,428744
E00058620,8040.6,8,436180,428438
E00058621,6853.6,8,434366,428582
E00058622,7666.9,7,434763,428247
E00058623,8700.85,6,433192,428416
E00058624,6522,8,434584,428499
E00058625,8171.65,6,434799,428428
E00058626,6238,5,434373,428363
E00058627,6003,5,436299,427021
E00058628,9424,5,434372,428062
E00058629,6796,5,434980,427706
E00058630,9841.4,6,434911,428080
E00058631,6559,5,434162,427909
E00058632,6607,8,433117,427971
E00058633,7326,8,433144,427735
E00058634,5957.8,7,434604,427973
E00058635,6972.2,8,433674,428002
E00058636,6797.8,8,434055,427740
E00058637,7051,5,434484,427527
E00058638,9032.2,6,434804,427595
E00058639,9908.55,6,436083,427649
E00058640,10314.25,6,433292,427087
E00058641,14230,5,436466,427030
E00058642,9710.05,6,433966,426418
E00058643,6954.4,8,434525,429704
E00058644,6434,8,434308,429138
E00058646,5981.8,8,433406,429085
E00058647,7083,8,434014,429039
E00058648,5864.6,8,435476,429090
E00058649,7158.8,8,433733,429059
E00058650,6267.6,8,436369,428875
E00058651,7521.5,6,436191,429015
E00058652,9895,5,436710,429398
E00058653,6996,5,436496,428963
E00058654,7667.45,6,436129,428913
E00058655,4394.4,8,435920,428866
E00058656,8233,6,433519,428858
E00058657,8195.7,6,434871,428783
E00058658,8575.7,6,434670,428754
E00058659,6176.25,7,434467,428701
E00058660,6389.8,8,434241,428708
E00058661,6972.8,8,434124,428843
E00058662,7016.4,8,433877,428791
E00058663,6329,8,433802,428697
E00058664,7586,5,436867,428816
E00058665,6709.2,8,436261,428599
E00058666,7979.75,6,435837,428585
E00058667,5285.25,7,434150,428482
E00058668,9823,5,436575,428397
E00058669,7642.6,8,434018,428569
E00058670,5746,7,433691,428541
E00058671,8950,5,433364,437376
E00058672,8454,5,432484,437299
E00058673,8198,6,431805,437282
E00058674,6854.45,7,434227,437335
E00058675,7538,5,432970,437069
E00058676,7598.75,4,433040,436596
E00058677,6710,5,433046,436438
E00058678,7465.85,4,432729,436103
E00058679,10439,4,432505,436086
E00058680,6398,5,431992,439507
E00058681,7672,5,432232,439205
E00058682,8714,5,432134,439114
E00058683,6732,5,432667,439242
E00058684,9079,5,432510,439049
E00058685,8160.55,4,432551,438858
E00058686,9975,5,433613,438283
E00058687,6433,5,432064,438930
E00058688,6737,5,432112,438639
E00058689,14009.35,4,432384,438727
E00058690,7226,5,432676,438766
E00058691,7168,5,432281,438556
E00058692,7360.55,6,432075,438203
E00058693,10428.95,6,431978,437504
E00058694,7290,5,432977,437715
E00058695,6161,5,431572,437354
E00058696,7195,5,431536,437014
E00058697,5891,5,433107,436964
E00058698,8446.35,4,431885,437019
E00058699,9457.35,6,433494,437028
E00058700,5609,5,432422,436840
E00058701,7222,5,432140,436894
E00058702,5753.95,7,434007,436830
E00058703,8974,5,432672,436621
E00058704,8958.55,6,433230,436788
E00058705,6594.5,2,432676,436802
E00058706,6162,5,433521,436844
E00058707,7971.35,4,433767,436610
E00058708,8852.2,6,431854,436637
E00058709,6223.4,4,432134,436654
E00058710,6719.7,4,432056,436304
E00058711,6954.7,4,432329,436649
E00058712,7767.15,4,433555,436491
E00058713,8005.85,4,433337,436491
E00058714,6780.35,4,432301,436396
E00058715,8202.8,4,433085,436272
E00058716,7083.1,4,432724,436296
E00058717,9210.05,4,432186,436085
E00058718,7406.65,4,432885,436097
E00058719,7425.85,4,432316,436051
E00058720,7226.65,4,432414,435867
E00058721,7760,5,432707,439600
E00058722,6421.3,4,432386,439674
E00058723,7216,5,432091,439592
E00058724,7589.2,6,431905,438653
E00058725,5879,5,432599,438279
E00058726,6079.85,7,432530,438500
E00058727,7657.45,6,431952,438345
E00058728,6950,2,432410,438405
E00058729,6511,5,432487,437867
E00058730,6379.45,6,432039,437917
E00058731,7058.65,6,432285,437871
E00058732,7887.05,6,431985,437641
E00058733,6870,6,431922,437749
E00058734,9008.15,6,433293,439740
E00058735,8079.75,6,435214,439829
E00058736,7807,5,434007,439950
E00058737,3070.6,6,434201,439220
E00058738,7974.75,6,434438,439976
E00058739,8093.8,6,434586,439709
E00058740,8167.05,6,434966,440094
E00058741,3044.15,7,434452,435436
E00058742,8671.25,6,436062,435229
E00058743,5677.8,7,434728,435384
E00058744,7608.2,8,434974,435232
E00058745,6246.25,7,434541,435243
E00058746,5690.8,8,435267,435111
E00058747,7962.05,6,435804,434904
E00058748,5079.8,8,434902,437580
E00058749,12597.4,8,435136,437146
E00058750,5780.75,7,434778,436964
E00058751,5795.75,7,434449,437044
E00058752,7421.35,7,434337,436864
E00058753,7637.6,8,434748,436688
E00058754,6169.2,7,435052,436617
E00058755,6224.45,7,434800,436526
E00058756,4638.6,7,434212,436637
E00058757,6621.75,7,435179,436336
E00058759,4885.4,8,434503,435680
E00058760,6755.55,3,434327,435527
E00058761,4557.05,4,435053,435534
E00058762,7388.6,8,435447,435497
E00058764,6796.4,8,436034,435548
E00058765,6600.6,8,435776,435165
E00058766,7537.4,8,435248,435249
E00058767,9365.85,6,436016,435043
E00058768,6363.55,7,435718,435378
E00058769,11311.4,8,434995,435061
E00058770,6605.6,8,435471,435099
E00058771,8593.55,6,435884,434996
E00058772,6925,6,435504,434890
E00058773,5367.55,7,434821,437772
E00058774,6128.05,7,435109,437500
E00058775,5822.4,8,434913,437484
E00058776,7935.6,8,434671,437231
E00058777,5261.4,8,434869,437325
E00058778,9213.05,7,435359,436926
E00058779,5453.45,7,435698,436703
E00058780,7132.5,7,434542,436870
E00058781,6788.8,7,434402,436701
E00058782,7065.8,8,435171,436519
E00058783,6694.2,8,435450,436657
E00058784,8078.9,7,435482,436438
E00058785,7104.05,7,435827,436334
E00058786,4705,8,434352,436369
E00058787,6398.55,7,434792,436270
E00058788,9118.25,7,435473,436208
E00058789,6569.2,8,434896,436046
E00058790,6799.95,7,435191,436199
E00058791,6499.7,7,435483,435940
E00058792,7108.6,8,435188,435948
E00058793,6473.55,7,434900,435903
E00058794,9319.05,7,435699,436173
E00058795,7746.8,8,435907,435925
E00058796,5586.65,7,435155,435769
E00058797,7065,8,435858,435693
E00058798,5095.6,8,435492,435757
E00058799,7224,8,434492,435986
E00058800,4983.5,2,429362,435623
E00058801,5611.25,2,429680,435709
E00058802,4406.25,3,429481,435528
E00058803,5420.95,4,429682,435486
E00058805,8162.8,4,431725,435145
E00058806,10720.6,4,431725,435092
E00058807,10615.95,3,431543,435054
E00058808,11678.7,4,431763,435003
E00058809,35215,4,431825,434726
E00058810,8469.3,3,429770,434755
E00058811,6065.5,2,428753,434754
E00058812,10403.25,2,428754,434486
E00058813,6657.4,4,428649,434307
E00058814,5923.25,2,429044,434408
E00058815,5628.75,2,428861,434371
E00058816,10256.3,3,431248,434124
E00058817,17017,2,429098,434161
E00058818,7889.75,2,428900,434133
E00058821,7826.25,2,429340,435709
E00058823,4559.25,2,429242,435829
E00058826,3512,2,429424,435743
E00058827,2602.25,2,429523,435675
E00058828,4548.25,2,429129,435627
E00058829,6816.5,3,430189,435181
E00058830,3178.15,4,429655,435598
E00058831,2323.5,2,429453,435649
E00058832,8102.55,3,429389,435358
E00058833,3955.75,2,429545,435521
E00058834,5075.5,2,429372,435491
E00058836,4276.55,3,429521,435256
E00058837,9258.4,3,429102,435230
E00058838,12780.85,3,429691,435162
E00058839,4810.65,3,429668,435307
E00058840,8179.95,3,429672,435017
E00058842,11659.75,2,428928,434925
E00058843,10803.85,4,430728,434840
E00058844,5385.95,4,430076,435094
E00058847,6120.15,4,430416,434873
E00058849,8865.15,3,431608,434950
E00058850,5802.65,3,430142,434869
E00058851,5127.1,3,429990,434947
E00058852,4951.1,4,428650,434773
E00058853,5920,3,429863,434853
E00058854,11189.8,4,431324,434904
E00058855,8425,2,430007,434638
E00058856,10279.25,2,429667,434503
E00058858,8655.2,4,431698,434305
E00058859,6648,2,428946,434685
E00058861,7156.45,3,430179,434522
E00058862,6321.45,4,428629,434596
E00058864,12436.45,3,430451,434583
E00058865,10426.85,3,431266,433939
E00058866,6409,2,429255,434514
E00058867,5885.3,3,431749,434509
E00058869,6211.75,3,430526,434543
E00058870,10324.5,2,428920,434533
E00058871,5872.95,3,431750,434427
E00058872,9361.75,2,428452,434214
E00058873,6069.7,3,430483,434439
E00058874,10697.25,3,430828,434486
E00058875,6005,3,431714,434403
E00058876,7174.35,3,430560,434376
E00058877,9862.45,3,431561,434526
E00058878,7286.4,3,428767,434246
E00058879,7034.65,3,431419,434209
E00058880,11074.75,3,431333,434250
E00058881,8717.5,2,428935,433991
E00058884,2563.75,2,429170,434028
E00058885,19001.5,2,429343,434111
E00058887,10302,5,428529,437356
E00058889,5089.65,4,429054,437017
E00058890,6235.6,3,428844,437051
E00058891,6015,5,427818,436980
E00058892,4339.25,2,427804,436834
E00058893,7095.5,2,428346,436763
E00058894,8707,2,427724,436745
E00058895,4018,5,427480,436758
E00058896,5983.5,2,427534,436658
E00058897,5991.75,2,427582,436467
E00058898,5602,5,427268,436444
E00058899,2978,2,427084,438695
E00058900,11641.15,4,425991,438342
E00058902,12081,5,426379,437662
E00058903,9073.5,7,425575,437695
E00058904,10336.15,6,428717,437605
E00058905,6441,2,426875,437478
E00058906,5745,4,429182,437341
E00058907,8171,5,428708,437232
E00058909,4531.25,4,429301,437250
E00058910,7276,5,427733,437182
E00058911,11981.75,2,427489,437119
E00058912,11463.35,4,428323,437243
E00058913,3774.3,4,429118,437164
E00058914,11015,2,428572,436886
E00058915,4689,5,428052,437151
E00058917,8222,5,428327,437084
E00058918,5303.85,4,428905,436897
E00058919,9261,5,427242,437027
E00058920,3969.9,7,428729,436885
E00058921,5234,5,428013,436861
E00058922,4976.8,8,428844,436722
E00058923,7551,2,428355,436893
E00058924,6281,5,428174,436820
E00058925,6586.5,2,428567,436624
E00058926,8245.75,2,428702,436606
E00058927,4219.75,2,428377,436558
E00058928,6211,2,428474,436714
E00058929,6164,5,428155,436604
E00058930,5756.75,2,427894,436602
E00058931,4470.25,2,427440,436432
E00058932,6220.35,7,426003,439193
E00058933,7386.65,4,425794,439038
E00058934,7439.2,6,426506,438765
E00058935,7085.85,7,426033,438938
E00058936,5232.8,8,425780,438793
E00058937,6442.15,7,426187,438785
E00058938,6045.8,4,425960,438688
E00058939,10273.95,7,425527,438232
E00058940,6170.3,4,426238,438298
E00058941,6030.8,4,426281,438567
E00058942,7623.8,6,426543,438422
E00058943,4973,5,427587,438418
E00058944,8409,5,426876,438327
E00058945,8268.95,6,426383,438226
E00058947,10507.1,6,428223,437917
E00058948,5418,5,426614,437980
E00058949,6890.35,4,425971,438003
E00058950,6924,5,426266,437952
E00058951,9689,5,426918,437755
E00058952,8080.05,7,426075,437711
E00058953,5758.95,7,425834,437889
E00058954,7480.2,4,425924,437720
E00058955,6877,5,428474,437558
E00058956,4745.5,6,428874,437555
E00058957,7869,5,427734,437581
E00058958,6618.4,8,428279,437493
E00058959,8265.3,6,428950,437236
E00058960,4836,5,428961,437406
E00058961,10768.85,6,436503,443124
E00058962,9553.7,6,437118,443420
E00058963,9533.15,1,437442,442833
E00058964,10909.4,6,437499,444743
E00058965,12851.05,6,435269,442713
E00058966,7622.6,8,436621,444026
E00058967,10112.9,6,437282,444105
E00058968,10850.75,6,442363,445375
E00058969,5954,5,443880,445122
E00058970,6364.8,8,443662,444862
E00058971,9419,5,442926,445498
E00058972,8607.6,6,441683,445291
E00058973,7890,5,443305,445448
E00058974,7711,5,443205,445261
E00058975,7721.8,8,442188,446607
E00058976,9232,5,442844,445784
E00058977,9371.25,1,441543,446012
E00058978,8288,6,442162,445530
E00058979,6615.6,8,442039,445629
E00058980,8613.95,6,441763,445551
E00058981,9378.15,6,442451,445666
E00058982,6931,5,442330,443468
E00058983,6662,5,442479,442826
E00058984,9756.95,1,443321,443662
E00058985,7106.85,1,442247,442529
E00058986,9269.1,6,442742,442816
E00058987,6701.4,8,442451,443260
E00058988,6788,5,442824,444364
E00058989,11289.4,1,442655,444084
E00058990,9624.75,6,442984,444897
E00058991,7827.8,8,441703,444853
E00058992,7924.75,6,442584,444500
E00058993,6064,5,442882,444432
E00058994,9090.45,6,437637,445729
E00058995,9683.7,6,439504,444898
E00058996,9110.85,6,439091,447393
E00058997,8342.05,6,438400,446163
E00058998,9711.95,1,438069,447202
E00058999,6335,5,439150,446420
E00059000,8898.65,1,439512,446101
E00059001,7000,5,438755,445977
E00059002,9188.15,6,438145,445636
E00059003,6187,5,438810,445725
E00059004,8009.75,6,436078,444609
E00059005,9320.45,6,435683,445202
E00059006,8172.95,1,436000,444271
E00059007,6166,5,436373,444340
E00059008,9996.95,1,443519,445972
E00059010,19521.2,1,444696,447820
E00059011,7689.8,8,440254,449376
E00059012,8008.4,6,440382,449613
E00059013,10154.25,6,440148,449009
E00059014,15324,5,440770,449124
E00059015,10706.7,6,439661,449055
E00059016,8157.05,6,439456,448782
E00059017,6819,5,440660,448797
E00059018,9125,5,440432,448456
E00059019,7152.2,8,440801,448052
E00059020,8758,6,440589,449448
E00059021,7205.95,6,440153,449722
E00059022,8228,6,439830,449608
E00059023,8754.9,6,440027,449531
E00059024,8729.9,6,439677,449458
E00059025,8127,5,441479,449125
E00059026,7351.9,6,439971,449331
E00059027,6219,5,439570,449340
E00059028,7851.1,6,440273,449064
E00059029,9120.9,1,440442,448929
E00059030,8278,6,440032,448839
E00059031,7265.55,6,439708,448829
E00059032,6919.4,8,440323,448645
E00059033,7539.2,6,439150,448652
E00059034,8754.35,6,439320,448557
E00059035,6517.65,7,440516,448644
E00059036,15400,5,440167,448158
E00059037,7946.1,6,438984,448678
E00059038,7429.2,6,439372,448328
E00059039,7495.55,6,439010,448370
E00059040,8290,8,441076,448570
E00059041,7845.2,8,440667,448456
E00059042,6187.6,8,441143,448396
E00059043,6847.55,7,440851,448423
E00059044,7050.2,8,441038,448154
E00059045,9693.5,1,439722,448230
E00059047,5164.1,7,440657,447961
E00059048,6483.4,8,436344,436542
E00059049,6752.8,8,436012,436676
E00059050,7566.8,8,436335,436452
E00059051,11133.05,7,436590,435899
E00059052,6291.2,8,437037,435835
E00059053,5830.1,7,436378,435718
E00059054,9170.45,6,434712,438293
E00059055,6479.2,8,435643,437995
E00059056,6524.8,8,435990,437774
E00059057,9175,5,435323,437681
E00059058,6845.6,8,435340,438038
E00059059,7993.4,6,435160,438197
E00059060,7899.75,6,435009,438079
E00059061,6973.55,7,435821,438038
E00059062,6094,5,436091,438121
E00059063,6807.2,8,435556,437818
E00059064,8277.6,6,436469,437574
E00059065,7524,8,435733,437724
E00059066,6239.45,7,435908,437740
E00059067,5139.35,7,436100,436938
E00059068,9630.05,6,436410,438025
E00059069,6003.2,8,435971,437512
E00059070,7560.15,6,436254,437461
E00059071,6016,8,436008,437316
E00059072,7070.2,8,436217,437135
E00059073,6405.4,8,436517,436961
E00059074,5758.95,7,437026,436428
E00059075,13991.2,8,435809,437105
E00059076,7197.2,8,436810,436741
E00059077,6041,7,436232,436671
E00059078,5271.15,7,436005,436368
E00059079,3118,8,436612,436479
E00059080,6440.6,8,436168,436521
E00059081,6787,8,436731,436470
E00059082,9806,8,437413,436212
E00059083,6607.8,8,436477,436311
E00059084,6771.4,8,436638,436224
E00059085,5991,7,436154,436258
E00059086,5289.2,8,436765,436015
E00059087,6484.2,8,437026,436055
E00059088,7223.8,8,436314,436099
E00059089,6384.8,8,436877,435998
E00059090,7931.45,7,436099,435978
E00059091,7589.55,7,436836,435707
E00059092,8169.4,7,436284,435803
E00059093,5711.9,7,436583,435660
E00059094,10519.5,6,435436,438535
E00059095,8550.3,6,435320,438206
E00059096,6837.2,8,435457,438270
E00059097,8450.3,6,437781,436877
E00059098,3467.5,6,439046,436536
E00059099,6589.8,8,437952,436701
E00059100,6590.4,6,438421,436284
E00059101,8604.35,6,438110,436726
E00059102,11135.6,6,438183,438095
E00059103,8885.85,6,437813,437387
E00059104,8703.65,1,437312,437035
E00059105,8743.95,6,437912,437092
E00059106,9785.6,6,424787,431428
E00059107,10165.2,6,425029,431313
E00059108,7856,5,424886,433454
E00059109,6846.1,7,425795,433251
E00059110,8094.25,4,426224,433209
E00059111,10029.25,6,425029,433200
E00059112,6950.2,7,424793,433048
E00059113,6826.75,7,425206,432837
E00059114,6122.15,6,426703,432581
E00059115,7928.4,6,426904,432558
E00059116,5535,5,427235,432411
E00059117,6256.5,7,425389,432256
E00059118,6377.65,7,425644,432229
E00059119,6113.3,7,425570,432028
E00059120,9802,5,427253,431806
E00059121,9198.15,6,427180,431946
E00059122,7641.8,8,426204,431788
E00059123,7294.6,8,425865,432754
E00059124,13730,5,426454,432812
E00059125,12371,5,427205,432842
E00059126,7455.15,6,426107,432610
E00059127,7034.05,7,425554,433160
E00059128,8442.4,8,425663,432976
E00059129,8338,8,425476,432674
E00059130,6760,5,426922,432722
E00059131,7187.2,8,425852,432449
E00059132,6801.35,6,426470,432580
E00059133,5136,5,426230,432675
E00059134,7842.4,8,427041,432560
E00059135,5005.25,7,425393,432546
E00059136,6806.35,6,426525,432597
E00059137,6245.4,8,425135,432619
E00059138,4545.65,7,427424,432508
E00059139,5936,8,425329,432446
E00059140,5770.2,8,425586,432335
E00059141,7056,8,424646,432308
E00059142,6213.2,8,426390,432257
E00059143,6442,8,426849,432344
E00059144,8820.85,6,427452,432174
E00059146,7777.45,6,427297,432300
E00059147,6625.6,7,425851,432126
E00059148,6184,8,427578,432113
E00059149,7695.4,8,426957,432250
E00059150,6457,8,426073,432105
E00059151,7573,5,427090,432194
E00059152,10502,5,426744,431976
E00059153,6863.4,8,426939,431956
E00059154,6921.35,6,425202,431243
E00059155,6140.1,7,426313,432008
E00059156,7186,8,425922,431945
E00059157,4356.3,6,424151,431932
E00059158,6936.2,8,426300,431837
E00059159,6972.4,7,425749,431765
E00059160,7841.1,6,426650,431584
E00059161,11013.05,4,426105,430690
E00059163,6928.4,8,426929,431479
E00059164,5800.25,6,426633,431525
E00059165,6803,5,424521,431208
E00059166,6013.2,8,424890,431045
E00059167,6314,5,424870,431216
E00059168,9581.4,6,424659,430980
E00059169,7465.55,6,424638,430421
E00059170,5907.95,6,423836,430383
E00059171,6969,8,424668,433865
E00059172,5593.7,7,424822,433769
E00059173,5506.65,7,424818,433912
E00059174,6857.8,8,424964,433739
E00059175,5042.3,7,425248,433611
E00059176,6833.15,7,425291,433388
E00059177,6254,5,424256,433342
E00059178,7290.8,8,425154,433431
E00059179,6464.7,7,425515,433362
E00059180,7201,5,424590,433308
E00059181,9117.95,4,426242,433273
E00059182,7246.65,4,426013,433257
E00059183,6769.95,7,425805,433136
E00059184,6856.4,8,426427,433172
E00059185,7016.6,8,424541,433050
E00059186,7107.2,8,425009,432985
E00059187,4857.05,7,426924,433045
E00059188,8904.45,7,426789,432995
E00165673,5228.75,6,420130,440853
E00165674,6323.55,7,419972,440727
E00165675,4078.6,8,435293,429018
E00165676,9801,6,435097,428686
E00165677,12428.35,6,434728,433094
E00165678,3453.2,8,434519,432929
E00165679,8842.2,8,426973,426961
E00165680,8650,5,426922,426465
E00165681,12337,8,434402,434448
E00165682,5000,5,434423,434076
E00165683,7817.15,4,425520,434680
E00165684,8723,5,425209,434580
E00165685,4517,5,425131,436914
E00165686,6518.4,4,425509,436849
E00165687,9114,5,425374,436704
E00165688,4341.7,6,425078,432003
E00165689,3554,8,425189,432158
E00165690,8683.8,8,432268,427451
E00165691,10078,5,431514,427226
E00165692,6158.2,8,430471,428503
E00165693,7688.2,8,429649,428566
E00165694,6809.7,7,426762,433741
E00165695,10881.7,6,426443,434104
E00165696,19025.85,1,423050,440950
E00169576,6259.25,2,425188,437904
E00169578,6197,5,424978,437521
E00169579,7295.55,6,426803,437291
E00169581,5700,5,427082,437226
E00169583,9974,5,426634,436924
E00169584,6092.5,2,427029,437009
E00169586,6354.75,2,426974,437186
E00169587,7396.1,3,429202,436871
E00169589,7339.05,6,428170,439647
E00169590,5829,5,428632,438182
E00169592,5771,5,428836,438222
E00169593,6671.8,4,428555,438416
E00169595,7855.25,2,425252,437714
E00169597,4637,5,427481,438045
E00169598,8229.6,3,430877,436004
E00169600,6146.25,7,425645,435901
E00169601,1767.25,2,425814,435531
E00169603,5929.25,2,427455,435905
E00169604,2110,2,427416,435919
E00169606,3825.25,2,427282,435745
E00169607,8530.75,3,426754,435463
E00169609,5587.75,2,428666,435922
E00169611,5572,2,428531,436170
E00169612,7375.5,2,428594,435311
E00169614,19105.5,2,428930,433822
E00169615,7252.75,2,429998,435442
E00169617,7611.5,2,429765,435793
E00169618,9896.75,2,429456,436007
E00169620,7046,4,430705,435609
E00169621,7833.15,3,430320,434627
E00169623,13623.5,2,430591,434050
E00169625,8493.75,3,430489,434232
E00169626,14076.5,2,430357,434382
E00169628,11935.75,2,430720,434251
E00169629,13937.5,2,430823,434187
E00169738,7590.2,4,433134,435435
E00169739,6758.25,4,432162,435511
E00169740,6397.25,4,432147,435247
E00169741,5370.95,4,432563,435562
E00169742,7031.8,4,429801,435425
E00169743,9394.9,3,429465,435086
E00169744,8429,3,430706,436008
E00169745,4079.95,4,430817,435596
E00169746,36499.5,2,429394,434796
E00169747,2380.25,2,429712,434885
E00169748,3615.75,2,429863,435056
E00169749,8978.15,6,423169,433116
E00169750,7217,5,423045,433192
E00169751,6190.3,3,431011,435642
E00169752,3097.5,4,431027,435416
E00169753,6400.65,4,427239,433854
E00169754,5771.45,4,427097,433867
E00169755,7370.2,4,433339,435519
E00169780,10467.5,2,429511,434049
E00169782,87798.25,2,429586,433860
E00169783,32510.25,2,429917,433942
E00169785,55147.5,2,430227,434046
E00169786,20340,2,430469,433639
E00169788,26871.25,2,430857,433607
E00169789,12344.25,2,430648,433342
E00169791,6254.25,2,428964,433335
E00169792,13818.25,2,428941,432894
E00169794,9978.25,2,429016,433353
E00169796,21811.75,2,430168,433205
E00169797,53616.75,2,430097,433497
E00169799,5767,2,428957,433309
E00169800,12249,2,430384,433278
E00169802,8746.25,2,430713,433196
E00169803,8328,2,430457,433171
E00169805,7342,2,430323,433148
E00169806,6306.8,7,428828,432493
E00169808,8825.55,4,429878,431305
E00169810,15806,2,429615,433461
E00169811,43174.5,2,429862,433254
E00169813,18180,2,429931,433667
E00169814,12469.95,4,427349,434132
E00169816,9612.75,2,429393,432972
E00169817,9400.75,2,429172,433196
E00170032,8363.75,2,429703,433031
E00170034,15149.75,2,429819,432819
E00170035,56367.75,2,430272,432627
E00170037,11184.75,2,430833,432782
E00170038,9153,2,431130,432696
E00170040,10677.5,2,430890,432795
E00170041,6930,5,427956,433463
E00170043,3061.2,7,427863,433251
E00170044,6129.25,3,431388,433495
E00170046,11653.85,3,431210,434573
E00170048,4553.25,2,430820,433959
E00170049,7064.65,3,431136,433964
E00170051,19328,2,430059,433703
E00170052,5938,2,430554,433410
E00170054,9884.75,2,429870,432681
E00170055,14262.25,2,429487,432566
E00170057,12608,2,429927,432578
E00170058,10139.5,3,429254,432257
E00170259,4689,7,429336,432417
E00170261,22553.25,2,429378,433300
E00170262,19545.25,2,429542,433396
E00170264,17104.25,2,430806,432534
E00170265,9621,2,430802,433022
E00170267,9772.75,2,430814,432908
E00170268,11904.25,2,430879,432697
E00170270,6594.4,8,434776,435627
E00170271,6676.5,2,431052,433342
E00170273,10285.25,2,431037,433090
E00170275,11837.25,2,431168,433225
E00170276,5532.55,7,431172,433387
E00170278,3685.2,8,431295,433255
E00170326,9481.25,2,431266,432968
E00170327,7525.2,7,431507,433156
E00170329,9420.75,2,431009,433006
E00170331,15603.25,2,431362,432657
E00170332,7379.05,3,431158,434244
E00170433,8183.8,3,431030,434057
E00170435,8648,5,423997,428348
E00170436,5599,5,427245,429887
E00170438,4971.2,8,427445,429840
E00170439,6934.6,6,427063,429994
E00170441,5471,5,427298,430023
E00170443,6188,5,426436,431205
E00170444,6387,5,426333,431532
E00170446,5190.3,4,429001,431101
E00170447,6088.2,8,431706,428633
E00170449,7548.75,2,426467,431780
E00170450,6754,5,426489,431655
E00170452,7113.1,4,429112,431041
E00170453,5562.8,7,431499,428299
E00170455,6011,8,431622,428668
E00170457,7039.45,7,431265,428264
E00170458,6008,5,431838,427814
E00170459,6821,5,433020,428840
E00170460,4928,5,431509,427840
E00170461,6952,5,432998,429025
E00170462,5761,5,431221,427697
E00170463,4524,5,431398,427644
E00170464,5246,5,431338,427926
E00170465,9099.1,6,433139,428832
E00170466,7110.35,4,431603,432673
E00170467,6868.25,4,430545,427319
E00170468,4961.75,4,430894,427545
E00170469,7297.3,6,432705,426944
E00170470,4972,5,432576,427218
E00170471,5835,5,431403,426083
E00170472,6305,5,431259,425913
E00170473,6320,5,431894,425948
E00170474,8190,2,426689,427685
E00170475,5912,2,426667,427577
E00170476,6241,5,426791,427605
E00170564,5629,5,442001,427846
E00170565,5282,5,442206,427811
E00170567,6055,5,442527,427007
E00170568,4539.5,7,442013,427380
E00170570,6094,5,432429,427178
E00170572,5740.2,8,431144,426248
E00170573,6840,2,417363,442829
E00170575,8555.3,6,417501,442193
E00170576,6661.5,2,417780,443169
E00170578,8355,5,440438,448001
E00170579,10620.35,1,441338,447855
E00170581,9797.25,2,428069,436269
E00170582,7963,2,428781,435324
E00170584,5360.95,4,431375,435662
E00170586,5755.75,7,434529,434999
E00170587,5407,5,418532,442185
E00170589,6163,5,418717,442033
E00170590,5591,5,418581,441916
E00170592,5045,5,440046,447667
E00170593,9019,5,443695,446525
E00170595,6495,5,443071,448053
E00170596,4127.05,4,429079,431171
E00170598,8101,5,424196,428559
E00170600,6864.7,4,432616,435689
E00170601,8798.3,4,431265,435562
E00170603,7078.9,4,431271,435710
E00170604,14903.25,2,429754,432507
E00170606,9434,2,434463,434811
E00170607,16021.75,2,430938,433231
E00170609,6262.5,2,430914,433175
E00170610,9971.5,2,430850,433136
E00170612,7925,2,430877,433313
E00170614,13274.5,2,430959,434218
E00170615,5560.8,4,431135,427974
E00170617,8552.75,2,430670,433071
E00170618,5352.55,7,427517,432739
E00170620,8536,2,430575,433094
E00170621,7846,2,428236,436156
E00170623,4520,5,427597,432679
E00170887,5259,5,430759,427736
E00170888,5913,5,416909,442876
E00170889,11274,6,426753,442541
E00170890,5777.1,4,427753,432691